ALTER TABLE `channel_detail` 
ADD COLUMN `opsChannelId` INT(11) NOT NULL AFTER `last_update`;

DROP TABLE IF EXISTS `inventory`;
CREATE TABLE `inventory` (
  `id` bigint(20) NOT NULL AUTO_INCREMENT,
  `date` date DEFAULT NULL,
  `channelId` int(11) DEFAULT NULL,
  PRIMARY KEY (`id`),
  KEY `FKk7f02y9yw42pyom50kwoimiy6` (`channelId`)
);

DROP TABLE IF EXISTS `inventory_row`;
CREATE TABLE `inventory_row` (
  `id` bigint(20) NOT NULL AUTO_INCREMENT,
  `clusters` int(11) NOT NULL,
  `crawlerPrice` decimal(20,2) DEFAULT NULL,
  `crawlerSpots` int(11) NOT NULL,
  `fromTime` time DEFAULT NULL,
  `lCrawlerPrice` decimal(20,2) DEFAULT NULL,
  `lCrawlerSpots` int(11) NOT NULL,
  `logoPrice` decimal(20,2) DEFAULT NULL,
  `logoSpots` int(11) NOT NULL,
  `toTime` time DEFAULT NULL,
  `totalTvcDuration` double NOT NULL,
  `webCrawlerSpots` int(11) NOT NULL,
  `webLCrawlerSpots` int(11) NOT NULL,
  `webLogoSpots` int(11) NOT NULL,
  `webTvcDuration` double NOT NULL,
  `inventoryId` bigint(20) NOT NULL,
  PRIMARY KEY (`id`),
  KEY `FKk917rkxaem4ps1d5y9ptptfsm` (`inventoryId`)
);

DROP TABLE IF EXISTS `inventory_consumption`;
CREATE TABLE `inventory_consumption` (
  `id` bigint(20) NOT NULL AUTO_INCREMENT,
  `fromTime` datetime DEFAULT NULL,
  `remainingCrawlerCount` int(11) NOT NULL,
  `remainingLCrawlerCount` int(11) NOT NULL,
  `remainingLogoCount` int(11) NOT NULL,
  `remainingTime` double NOT NULL,
  `spentCrawlerCount` int(11) NOT NULL,
  `spentLCrawlerCount` int(11) NOT NULL,
  `spentLogoCount` int(11) NOT NULL,
  `spentTime` double NOT NULL,
  `toTime` datetime DEFAULT NULL,
  `channel_Channel_id` int(11) DEFAULT NULL,
  `inventoryRow_id` bigint(20) DEFAULT NULL,
  PRIMARY KEY (`id`),
  KEY `FKkfcuy2570mvy023a4j6uff5lk` (`channel_Channel_id`),
  KEY `FKqflmw9r9t2cksu8nodd1l6pmx` (`inventoryRow_id`)
);

DROP TABLE IF EXISTS `nash_inventory_consumption`;
CREATE TABLE `nash_inventory_consumption` (
  `id` bigint(20) NOT NULL AUTO_INCREMENT,
  `fromTime` datetime DEFAULT NULL,
  `remainingCrawlerCount` int(11) NOT NULL,
  `remainingLCrawlerCount` int(11) NOT NULL,
  `remainingLogoCount` int(11) NOT NULL,
  `remainingTime` double NOT NULL,
  `spentCrawlerCount` int(11) NOT NULL,
  `spentLCrawlerCount` int(11) NOT NULL,
  `spentLogoCount` int(11) NOT NULL,
  `spentTime` double NOT NULL,
  `toTime` datetime DEFAULT NULL,
  `channel_Channel_id` int(11) DEFAULT NULL,
  `inventoryRow_id` bigint(20) DEFAULT NULL,
  PRIMARY KEY (`id`),
  KEY `FKtlvklnsvdkov1nrpam47veib9` (`channel_Channel_id`),
  KEY `FKn4ipixi5rwph7shrt3hh9hsus` (`inventoryRow_id`)
);

DROP TABLE IF EXISTS `inventory_price_range`;
CREATE TABLE `inventory_price_range` (
  `id` bigint(20) NOT NULL AUTO_INCREMENT,
  `equalLowerLimit` bit(1) NOT NULL,
  `equalUpperLimit` bit(1) NOT NULL,
  `lowerLimit` double NOT NULL,
  `price` decimal(20,2) DEFAULT NULL,
  `upperLimit` double NOT NULL,
  `inventoryRowId` bigint(20) NOT NULL,
  PRIMARY KEY (`id`),
  KEY `FKixikgrwhjdvjlof2ewtlrw1nn` (`inventoryRowId`)
);

DROP TABLE IF EXISTS `centralized_inventory_prediction`;
CREATE TABLE `centralized_inventory_prediction` (
  `id` bigint(20) NOT NULL AUTO_INCREMENT,
  `date` date DEFAULT NULL,
  `dateAndTime` datetime DEFAULT NULL,
  `fromTime` time DEFAULT NULL,
  `hasUpdated` bit(1) DEFAULT NULL,
  `inventory` double NOT NULL,
  `predictionType` int(11) DEFAULT NULL,
  `reference` bigint(20) NOT NULL,
  `toTime` time DEFAULT NULL,
  `channelDetails_Channel_id` int(11) DEFAULT NULL,
  PRIMARY KEY (`id`),
  KEY `FKqtlhe1qpryohig5gs57yutpqr` (`channelDetails_Channel_id`)
);

DROP TABLE IF EXISTS `prediction_result_meta`;
CREATE TABLE `prediction_result_meta` (
  `id` bigint(20) NOT NULL AUTO_INCREMENT,
  `date` datetime DEFAULT NULL,
  `fileName` varchar(255) DEFAULT NULL,
  `inventoryType` int(11) DEFAULT NULL,
  `isProcess` bit(1) DEFAULT NULL,
  PRIMARY KEY (`id`)
);

DROP TABLE IF EXISTS `inventory_daily_prediction`;
CREATE TABLE `inventory_daily_prediction` (
  `id` bigint(20) NOT NULL AUTO_INCREMENT,
  `date` date DEFAULT NULL,
  `dateAndTime` datetime DEFAULT NULL,
  `fromTime` time DEFAULT NULL,
  `inventory` double NOT NULL,
  `toTime` time DEFAULT NULL,
  `channelId_Channel_id` int(11) DEFAULT NULL,
  `predictionResultMetaId_id` bigint(20) DEFAULT NULL,
  PRIMARY KEY (`id`),
  KEY `FK26c7wr9qa4d68loqu5itrlwyp` (`channelId_Channel_id`),
  KEY `FK5j68ofha5klbbrqlxwl85xd9y` (`predictionResultMetaId_id`)
);

DROP TABLE IF EXISTS `inventory_weekly_prediction`;
CREATE TABLE `inventory_weekly_prediction` (
  `id` bigint(20) NOT NULL AUTO_INCREMENT,
  `date` date DEFAULT NULL,
  `dateAndTime` datetime DEFAULT NULL,
  `fromTime` time DEFAULT NULL,
  `inventory` double NOT NULL,
  `toTime` time DEFAULT NULL,
  `channelId_Channel_id` int(11) DEFAULT NULL,
  `predictionResultMetaId_id` bigint(20) DEFAULT NULL,
  PRIMARY KEY (`id`),
  KEY `FKdrdbacml5d9a1mq8f46c0k4uc` (`channelId_Channel_id`),
  KEY `FKoky0004jpb63r89jnyw4g0igb` (`predictionResultMetaId_id`)
);

DROP TABLE IF EXISTS `inventory_monthly_prediction`;
CREATE TABLE `inventory_monthly_prediction` (
  `id` bigint(20) NOT NULL AUTO_INCREMENT,
  `date` date DEFAULT NULL,
  `dateAndTime` datetime DEFAULT NULL,
  `fromTime` time DEFAULT NULL,
  `inventory` double NOT NULL,
  `toTime` time DEFAULT NULL,
  `channelId_Channel_id` int(11) DEFAULT NULL,
  `predictionResultMetaId_id` bigint(20) DEFAULT NULL,
  PRIMARY KEY (`id`),
  KEY `FK5w5qdacl8npnxwpkoapgn48ex` (`channelId_Channel_id`),
  KEY `FKno4kmbhfr64hrd7ln2p44e52d` (`predictionResultMetaId_id`)
);
  
INSERT INTO `inventory` VALUES (1,NULL,5),(2,NULL,6),(3,NULL,7),(4,NULL,8),(5,NULL,9),(6,NULL,10),(7,NULL,11),(8,NULL,12),(9,NULL,18),(10,NULL,20),(11,NULL,21),(12,NULL,22),(13,NULL,23),(14,NULL,24),(15,NULL,26),(16,NULL,28),(17,NULL,29),(18,NULL,30),(19,NULL,31),(20,NULL,32),(21,NULL,33),(22,NULL,34),(23,NULL,35),(24,NULL,36),(25,NULL,40),(26,NULL,47),(27,NULL,48);

INSERT INTO `inventory_row` VALUES (1,3,1500.00,4,'00:00:00',1500.00,4,3000.00,2,'01:00:00',720,2,2,1,360,1),(2,3,1500.00,4,'01:00:00',1500.00,4,3000.00,2,'02:00:00',720,2,2,1,360,1),(3,3,1500.00,4,'02:00:00',1500.00,4,3000.00,2,'03:00:00',720,2,2,1,360,1),(4,3,1500.00,4,'03:00:00',1500.00,4,3000.00,2,'04:00:00',720,2,2,1,360,1),(5,3,1500.00,4,'04:00:00',1500.00,4,3000.00,2,'05:00:00',720,2,2,1,360,1),(6,3,1500.00,4,'05:00:00',1500.00,4,3000.00,2,'06:00:00',720,2,2,1,360,1),(7,3,1500.00,4,'06:00:00',1500.00,4,3000.00,2,'07:00:00',720,2,2,1,360,1),(8,3,1500.00,4,'07:00:00',1500.00,4,3000.00,2,'08:00:00',720,2,2,1,360,1),(9,3,1500.00,4,'08:00:00',1500.00,4,3000.00,2,'09:00:00',720,2,2,1,360,1),(10,3,1500.00,4,'09:00:00',1500.00,4,3000.00,2,'10:00:00',720,2,2,1,360,1),(11,3,1500.00,4,'10:00:00',1500.00,4,3000.00,2,'11:00:00',720,2,2,1,360,1),(12,3,1500.00,4,'11:00:00',1500.00,4,3000.00,2,'12:00:00',720,2,2,1,360,1),(13,3,1500.00,4,'12:00:00',1500.00,4,3000.00,2,'13:00:00',720,2,2,1,360,1),(14,3,1500.00,4,'13:00:00',1500.00,4,3000.00,2,'14:00:00',720,2,2,1,360,1),(15,3,1500.00,4,'14:00:00',1500.00,4,3000.00,2,'15:00:00',720,2,2,1,360,1),(16,3,1500.00,4,'15:00:00',1500.00,4,3000.00,2,'16:00:00',720,2,2,1,360,1),(17,3,1500.00,4,'16:00:00',1500.00,4,3000.00,2,'17:00:00',720,2,2,1,360,1),(18,3,1500.00,4,'17:00:00',1500.00,4,3000.00,2,'18:00:00',720,2,2,1,360,1),(19,3,1500.00,4,'18:00:00',1500.00,4,3000.00,2,'19:00:00',720,2,2,1,360,1),(20,3,1500.00,4,'19:00:00',1500.00,4,3000.00,2,'20:00:00',720,2,2,1,360,1),(21,3,1500.00,4,'20:00:00',1500.00,4,3000.00,2,'21:00:00',720,2,2,1,360,1),(22,3,1500.00,4,'21:00:00',1500.00,4,3000.00,2,'22:00:00',720,2,2,1,360,1),(23,3,1500.00,4,'22:00:00',1500.00,4,3000.00,2,'23:00:00',720,2,2,1,360,1),(24,3,1500.00,4,'23:00:00',1500.00,4,3000.00,2,'00:00:00',720,2,2,1,360,1),(25,3,1500.00,4,'00:00:00',1500.00,4,3000.00,2,'01:00:00',720,2,2,1,360,2),(26,3,1500.00,4,'01:00:00',1500.00,4,3000.00,2,'02:00:00',720,2,2,1,360,2),(27,3,1500.00,4,'02:00:00',1500.00,4,3000.00,2,'03:00:00',720,2,2,1,360,2),(28,3,1500.00,4,'03:00:00',1500.00,4,3000.00,2,'04:00:00',720,2,2,1,360,2),(29,3,1500.00,4,'04:00:00',1500.00,4,3000.00,2,'05:00:00',720,2,2,1,360,2),(30,3,1500.00,4,'05:00:00',1500.00,4,3000.00,2,'06:00:00',720,2,2,1,360,2),(31,3,1500.00,4,'06:00:00',1500.00,4,3000.00,2,'07:00:00',720,2,2,1,360,2),(32,3,1500.00,4,'07:00:00',1500.00,4,3000.00,2,'08:00:00',720,2,2,1,360,2),(33,3,1500.00,4,'08:00:00',1500.00,4,3000.00,2,'09:00:00',720,2,2,1,360,2),(34,3,1500.00,4,'09:00:00',1500.00,4,3000.00,2,'10:00:00',720,2,2,1,360,2),(35,3,1500.00,4,'10:00:00',1500.00,4,3000.00,2,'11:00:00',720,2,2,1,360,2),(36,3,1500.00,4,'11:00:00',1500.00,4,3000.00,2,'12:00:00',720,2,2,1,360,2),(37,3,1500.00,4,'12:00:00',1500.00,4,3000.00,2,'13:00:00',720,2,2,1,360,2),(38,3,1500.00,4,'13:00:00',1500.00,4,3000.00,2,'14:00:00',720,2,2,1,360,2),(39,3,1500.00,4,'14:00:00',1500.00,4,3000.00,2,'15:00:00',720,2,2,1,360,2),(40,3,1500.00,4,'15:00:00',1500.00,4,3000.00,2,'16:00:00',720,2,2,1,360,2),(41,3,1500.00,4,'16:00:00',1500.00,4,3000.00,2,'17:00:00',720,2,2,1,360,2),(42,3,1500.00,4,'17:00:00',1500.00,4,3000.00,2,'18:00:00',720,2,2,1,360,2),(43,3,1500.00,4,'18:00:00',1500.00,4,3000.00,2,'19:00:00',720,2,2,1,360,2),(44,3,1500.00,4,'19:00:00',1500.00,4,3000.00,2,'20:00:00',720,2,2,1,360,2),(45,3,1500.00,4,'20:00:00',1500.00,4,3000.00,2,'21:00:00',720,2,2,1,360,2),(46,3,1500.00,4,'21:00:00',1500.00,4,3000.00,2,'22:00:00',720,2,2,1,360,2),(47,3,1500.00,4,'22:00:00',1500.00,4,3000.00,2,'23:00:00',720,2,2,1,360,2),(48,3,1500.00,4,'23:00:00',1500.00,4,3000.00,2,'00:00:00',720,2,2,1,360,2),(49,3,1500.00,4,'00:00:00',1500.00,4,3000.00,2,'01:00:00',720,2,2,1,360,3),(50,3,1500.00,4,'01:00:00',1500.00,4,3000.00,2,'02:00:00',720,2,2,1,360,3),(51,3,1500.00,4,'02:00:00',1500.00,4,3000.00,2,'03:00:00',720,2,2,1,360,3),(52,3,1500.00,4,'03:00:00',1500.00,4,3000.00,2,'04:00:00',720,2,2,1,360,3),(53,3,1500.00,4,'04:00:00',1500.00,4,3000.00,2,'05:00:00',720,2,2,1,360,3),(54,3,1500.00,4,'05:00:00',1500.00,4,3000.00,2,'06:00:00',720,2,2,1,360,3),(55,3,1500.00,4,'06:00:00',1500.00,4,3000.00,2,'07:00:00',720,2,2,1,360,3),(56,3,1500.00,4,'07:00:00',1500.00,4,3000.00,2,'08:00:00',720,2,2,1,360,3),(57,3,1500.00,4,'08:00:00',1500.00,4,3000.00,2,'09:00:00',720,2,2,1,360,3),(58,3,1500.00,4,'09:00:00',1500.00,4,3000.00,2,'10:00:00',720,2,2,1,360,3),(59,3,1500.00,4,'10:00:00',1500.00,4,3000.00,2,'11:00:00',720,2,2,1,360,3),(60,3,1500.00,4,'11:00:00',1500.00,4,3000.00,2,'12:00:00',720,2,2,1,360,3),(61,3,1500.00,4,'12:00:00',1500.00,4,3000.00,2,'13:00:00',720,2,2,1,360,3),(62,3,1500.00,4,'13:00:00',1500.00,4,3000.00,2,'14:00:00',720,2,2,1,360,3),(63,3,1500.00,4,'14:00:00',1500.00,4,3000.00,2,'15:00:00',720,2,2,1,360,3),(64,3,1500.00,4,'15:00:00',1500.00,4,3000.00,2,'16:00:00',720,2,2,1,360,3),(65,3,1500.00,4,'16:00:00',1500.00,4,3000.00,2,'17:00:00',720,2,2,1,360,3),(66,3,1500.00,4,'17:00:00',1500.00,4,3000.00,2,'18:00:00',720,2,2,1,360,3),(67,3,1500.00,4,'18:00:00',1500.00,4,3000.00,2,'19:00:00',720,2,2,1,360,3),(68,3,1500.00,4,'19:00:00',1500.00,4,3000.00,2,'20:00:00',720,2,2,1,360,3),(69,3,1500.00,4,'20:00:00',1500.00,4,3000.00,2,'21:00:00',720,2,2,1,360,3),(70,3,1500.00,4,'21:00:00',1500.00,4,3000.00,2,'22:00:00',720,2,2,1,360,3),(71,3,1500.00,4,'22:00:00',1500.00,4,3000.00,2,'23:00:00',720,2,2,1,360,3),(72,3,1500.00,4,'23:00:00',1500.00,4,3000.00,2,'00:00:00',720,2,2,1,360,3),(73,3,1500.00,4,'00:00:00',1500.00,4,3000.00,2,'01:00:00',720,2,2,1,360,4),(74,3,1500.00,4,'01:00:00',1500.00,4,3000.00,2,'02:00:00',720,2,2,1,360,4),(75,3,1500.00,4,'02:00:00',1500.00,4,3000.00,2,'03:00:00',720,2,2,1,360,4),(76,3,1500.00,4,'03:00:00',1500.00,4,3000.00,2,'04:00:00',720,2,2,1,360,4),(77,3,1500.00,4,'04:00:00',1500.00,4,3000.00,2,'05:00:00',720,2,2,1,360,4),(78,3,1500.00,4,'05:00:00',1500.00,4,3000.00,2,'06:00:00',720,2,2,1,360,4),(79,3,1500.00,4,'06:00:00',1500.00,4,3000.00,2,'07:00:00',720,2,2,1,360,4),(80,3,1500.00,4,'07:00:00',1500.00,4,3000.00,2,'08:00:00',720,2,2,1,360,4),(81,3,1500.00,4,'08:00:00',1500.00,4,3000.00,2,'09:00:00',720,2,2,1,360,4),(82,3,1500.00,4,'09:00:00',1500.00,4,3000.00,2,'10:00:00',720,2,2,1,360,4),(83,3,1500.00,4,'10:00:00',1500.00,4,3000.00,2,'11:00:00',720,2,2,1,360,4),(84,3,1500.00,4,'11:00:00',1500.00,4,3000.00,2,'12:00:00',720,2,2,1,360,4),(85,3,1500.00,4,'12:00:00',1500.00,4,3000.00,2,'13:00:00',720,2,2,1,360,4),(86,3,1500.00,4,'13:00:00',1500.00,4,3000.00,2,'14:00:00',720,2,2,1,360,4),(87,3,1500.00,4,'14:00:00',1500.00,4,3000.00,2,'15:00:00',720,2,2,1,360,4),(88,3,1500.00,4,'15:00:00',1500.00,4,3000.00,2,'16:00:00',720,2,2,1,360,4),(89,3,1500.00,4,'16:00:00',1500.00,4,3000.00,2,'17:00:00',720,2,2,1,360,4),(90,3,1500.00,4,'17:00:00',1500.00,4,3000.00,2,'18:00:00',720,2,2,1,360,4),(91,3,1500.00,4,'18:00:00',1500.00,4,3000.00,2,'19:00:00',720,2,2,1,360,4),(92,3,1500.00,4,'19:00:00',1500.00,4,3000.00,2,'20:00:00',720,2,2,1,360,4),(93,3,1500.00,4,'20:00:00',1500.00,4,3000.00,2,'21:00:00',720,2,2,1,360,4),(94,3,1500.00,4,'21:00:00',1500.00,4,3000.00,2,'22:00:00',720,2,2,1,360,4),(95,3,1500.00,4,'22:00:00',1500.00,4,3000.00,2,'23:00:00',720,2,2,1,360,4),(96,3,1500.00,4,'23:00:00',1500.00,4,3000.00,2,'00:00:00',720,2,2,1,360,4),(97,3,1500.00,4,'00:00:00',1500.00,4,3000.00,2,'01:00:00',720,2,2,1,360,5),(98,3,1500.00,4,'01:00:00',1500.00,4,3000.00,2,'02:00:00',720,2,2,1,360,5),(99,3,1500.00,4,'02:00:00',1500.00,4,3000.00,2,'03:00:00',720,2,2,1,360,5),(100,3,1500.00,4,'03:00:00',1500.00,4,3000.00,2,'04:00:00',720,2,2,1,360,5),(101,3,1500.00,4,'04:00:00',1500.00,4,3000.00,2,'05:00:00',720,2,2,1,360,5),(102,3,1500.00,4,'05:00:00',1500.00,4,3000.00,2,'06:00:00',720,2,2,1,360,5),(103,3,1500.00,4,'06:00:00',1500.00,4,3000.00,2,'07:00:00',720,2,2,1,360,5),(104,3,1500.00,4,'07:00:00',1500.00,4,3000.00,2,'08:00:00',720,2,2,1,360,5),(105,3,1500.00,4,'08:00:00',1500.00,4,3000.00,2,'09:00:00',720,2,2,1,360,5),(106,3,1500.00,4,'09:00:00',1500.00,4,3000.00,2,'10:00:00',720,2,2,1,360,5),(107,3,1500.00,4,'10:00:00',1500.00,4,3000.00,2,'11:00:00',720,2,2,1,360,5),(108,3,1500.00,4,'11:00:00',1500.00,4,3000.00,2,'12:00:00',720,2,2,1,360,5),(109,3,1500.00,4,'12:00:00',1500.00,4,3000.00,2,'13:00:00',720,2,2,1,360,5),(110,3,1500.00,4,'13:00:00',1500.00,4,3000.00,2,'14:00:00',720,2,2,1,360,5),(111,3,1500.00,4,'14:00:00',1500.00,4,3000.00,2,'15:00:00',720,2,2,1,360,5),(112,3,1500.00,4,'15:00:00',1500.00,4,3000.00,2,'16:00:00',720,2,2,1,360,5),(113,3,1500.00,4,'16:00:00',1500.00,4,3000.00,2,'17:00:00',720,2,2,1,360,5),(114,3,1500.00,4,'17:00:00',1500.00,4,3000.00,2,'18:00:00',720,2,2,1,360,5),(115,3,1500.00,4,'18:00:00',1500.00,4,3000.00,2,'19:00:00',720,2,2,1,360,5),(116,3,1500.00,4,'19:00:00',1500.00,4,3000.00,2,'20:00:00',720,2,2,1,360,5),(117,3,1500.00,4,'20:00:00',1500.00,4,3000.00,2,'21:00:00',720,2,2,1,360,5),(118,3,1500.00,4,'21:00:00',1500.00,4,3000.00,2,'22:00:00',720,2,2,1,360,5),(119,3,1500.00,4,'22:00:00',1500.00,4,3000.00,2,'23:00:00',720,2,2,1,360,5),(120,3,1500.00,4,'23:00:00',1500.00,4,3000.00,2,'00:00:00',720,2,2,1,360,5),(121,3,1500.00,4,'00:00:00',1500.00,4,3000.00,2,'01:00:00',720,2,2,1,360,6),(122,3,1500.00,4,'01:00:00',1500.00,4,3000.00,2,'02:00:00',720,2,2,1,360,6),(123,3,1500.00,4,'02:00:00',1500.00,4,3000.00,2,'03:00:00',720,2,2,1,360,6),(124,3,1500.00,4,'03:00:00',1500.00,4,3000.00,2,'04:00:00',720,2,2,1,360,6),(125,3,1500.00,4,'04:00:00',1500.00,4,3000.00,2,'05:00:00',720,2,2,1,360,6),(126,3,1500.00,4,'05:00:00',1500.00,4,3000.00,2,'06:00:00',720,2,2,1,360,6),(127,3,1500.00,4,'06:00:00',1500.00,4,3000.00,2,'07:00:00',720,2,2,1,360,6),(128,3,1500.00,4,'07:00:00',1500.00,4,3000.00,2,'08:00:00',720,2,2,1,360,6),(129,3,1500.00,4,'08:00:00',1500.00,4,3000.00,2,'09:00:00',720,2,2,1,360,6),(130,3,1500.00,4,'09:00:00',1500.00,4,3000.00,2,'10:00:00',720,2,2,1,360,6),(131,3,1500.00,4,'10:00:00',1500.00,4,3000.00,2,'11:00:00',720,2,2,1,360,6),(132,3,1500.00,4,'11:00:00',1500.00,4,3000.00,2,'12:00:00',720,2,2,1,360,6),(133,3,1500.00,4,'12:00:00',1500.00,4,3000.00,2,'13:00:00',720,2,2,1,360,6),(134,3,1500.00,4,'13:00:00',1500.00,4,3000.00,2,'14:00:00',720,2,2,1,360,6),(135,3,1500.00,4,'14:00:00',1500.00,4,3000.00,2,'15:00:00',720,2,2,1,360,6),(136,3,1500.00,4,'15:00:00',1500.00,4,3000.00,2,'16:00:00',720,2,2,1,360,6),(137,3,1500.00,4,'16:00:00',1500.00,4,3000.00,2,'17:00:00',720,2,2,1,360,6),(138,3,1500.00,4,'17:00:00',1500.00,4,3000.00,2,'18:00:00',720,2,2,1,360,6),(139,3,1500.00,4,'18:00:00',1500.00,4,3000.00,2,'19:00:00',720,2,2,1,360,6),(140,3,1500.00,4,'19:00:00',1500.00,4,3000.00,2,'20:00:00',720,2,2,1,360,6),(141,3,1500.00,4,'20:00:00',1500.00,4,3000.00,2,'21:00:00',720,2,2,1,360,6),(142,3,1500.00,4,'21:00:00',1500.00,4,3000.00,2,'22:00:00',720,2,2,1,360,6),(143,3,1500.00,4,'22:00:00',1500.00,4,3000.00,2,'23:00:00',720,2,2,1,360,6),(144,3,1500.00,4,'23:00:00',1500.00,4,3000.00,2,'00:00:00',720,2,2,1,360,6),(145,3,1500.00,4,'00:00:00',1500.00,4,3000.00,2,'01:00:00',720,2,2,1,360,7),(146,3,1500.00,4,'01:00:00',1500.00,4,3000.00,2,'02:00:00',720,2,2,1,360,7),(147,3,1500.00,4,'02:00:00',1500.00,4,3000.00,2,'03:00:00',720,2,2,1,360,7),(148,3,1500.00,4,'03:00:00',1500.00,4,3000.00,2,'04:00:00',720,2,2,1,360,7),(149,3,1500.00,4,'04:00:00',1500.00,4,3000.00,2,'05:00:00',720,2,2,1,360,7),(150,3,1500.00,4,'05:00:00',1500.00,4,3000.00,2,'06:00:00',720,2,2,1,360,7),(151,3,1500.00,4,'06:00:00',1500.00,4,3000.00,2,'07:00:00',720,2,2,1,360,7),(152,3,1500.00,4,'07:00:00',1500.00,4,3000.00,2,'08:00:00',720,2,2,1,360,7),(153,3,1500.00,4,'08:00:00',1500.00,4,3000.00,2,'09:00:00',720,2,2,1,360,7),(154,3,1500.00,4,'09:00:00',1500.00,4,3000.00,2,'10:00:00',720,2,2,1,360,7),(155,3,1500.00,4,'10:00:00',1500.00,4,3000.00,2,'11:00:00',720,2,2,1,360,7),(156,3,1500.00,4,'11:00:00',1500.00,4,3000.00,2,'12:00:00',720,2,2,1,360,7),(157,3,1500.00,4,'12:00:00',1500.00,4,3000.00,2,'13:00:00',720,2,2,1,360,7),(158,3,1500.00,4,'13:00:00',1500.00,4,3000.00,2,'14:00:00',720,2,2,1,360,7),(159,3,1500.00,4,'14:00:00',1500.00,4,3000.00,2,'15:00:00',720,2,2,1,360,7),(160,3,1500.00,4,'15:00:00',1500.00,4,3000.00,2,'16:00:00',720,2,2,1,360,7),(161,3,1500.00,4,'16:00:00',1500.00,4,3000.00,2,'17:00:00',720,2,2,1,360,7),(162,3,1500.00,4,'17:00:00',1500.00,4,3000.00,2,'18:00:00',720,2,2,1,360,7),(163,3,1500.00,4,'18:00:00',1500.00,4,3000.00,2,'19:00:00',720,2,2,1,360,7),(164,3,1500.00,4,'19:00:00',1500.00,4,3000.00,2,'20:00:00',720,2,2,1,360,7),(165,3,1500.00,4,'20:00:00',1500.00,4,3000.00,2,'21:00:00',720,2,2,1,360,7),(166,3,1500.00,4,'21:00:00',1500.00,4,3000.00,2,'22:00:00',720,2,2,1,360,7),(167,3,1500.00,4,'22:00:00',1500.00,4,3000.00,2,'23:00:00',720,2,2,1,360,7),(168,3,1500.00,4,'23:00:00',1500.00,4,3000.00,2,'00:00:00',720,2,2,1,360,7),(169,3,1500.00,4,'00:00:00',1500.00,4,3000.00,2,'01:00:00',720,2,2,1,360,8),(170,3,1500.00,4,'01:00:00',1500.00,4,3000.00,2,'02:00:00',720,2,2,1,360,8),(171,3,1500.00,4,'02:00:00',1500.00,4,3000.00,2,'03:00:00',720,2,2,1,360,8),(172,3,1500.00,4,'03:00:00',1500.00,4,3000.00,2,'04:00:00',720,2,2,1,360,8),(173,3,1500.00,4,'04:00:00',1500.00,4,3000.00,2,'05:00:00',720,2,2,1,360,8),(174,3,1500.00,4,'05:00:00',1500.00,4,3000.00,2,'06:00:00',720,2,2,1,360,8),(175,3,1500.00,4,'06:00:00',1500.00,4,3000.00,2,'07:00:00',720,2,2,1,360,8),(176,3,1500.00,4,'07:00:00',1500.00,4,3000.00,2,'08:00:00',720,2,2,1,360,8),(177,3,1500.00,4,'08:00:00',1500.00,4,3000.00,2,'09:00:00',720,2,2,1,360,8),(178,3,1500.00,4,'09:00:00',1500.00,4,3000.00,2,'10:00:00',720,2,2,1,360,8),(179,3,1500.00,4,'10:00:00',1500.00,4,3000.00,2,'11:00:00',720,2,2,1,360,8),(180,3,1500.00,4,'11:00:00',1500.00,4,3000.00,2,'12:00:00',720,2,2,1,360,8),(181,3,1500.00,4,'12:00:00',1500.00,4,3000.00,2,'13:00:00',720,2,2,1,360,8),(182,3,1500.00,4,'13:00:00',1500.00,4,3000.00,2,'14:00:00',720,2,2,1,360,8),(183,3,1500.00,4,'14:00:00',1500.00,4,3000.00,2,'15:00:00',720,2,2,1,360,8),(184,3,1500.00,4,'15:00:00',1500.00,4,3000.00,2,'16:00:00',720,2,2,1,360,8),(185,3,1500.00,4,'16:00:00',1500.00,4,3000.00,2,'17:00:00',720,2,2,1,360,8),(186,3,1500.00,4,'17:00:00',1500.00,4,3000.00,2,'18:00:00',720,2,2,1,360,8),(187,3,1500.00,4,'18:00:00',1500.00,4,3000.00,2,'19:00:00',720,2,2,1,360,8),(188,3,1500.00,4,'19:00:00',1500.00,4,3000.00,2,'20:00:00',720,2,2,1,360,8),(189,3,1500.00,4,'20:00:00',1500.00,4,3000.00,2,'21:00:00',720,2,2,1,360,8),(190,3,1500.00,4,'21:00:00',1500.00,4,3000.00,2,'22:00:00',720,2,2,1,360,8),(191,3,1500.00,4,'22:00:00',1500.00,4,3000.00,2,'23:00:00',720,2,2,1,360,8),(192,3,1500.00,4,'23:00:00',1500.00,4,3000.00,2,'00:00:00',720,2,2,1,360,8),(193,3,1500.00,4,'00:00:00',1500.00,4,3000.00,2,'01:00:00',720,2,2,1,360,9),(194,3,1500.00,4,'01:00:00',1500.00,4,3000.00,2,'02:00:00',720,2,2,1,360,9),(195,3,1500.00,4,'02:00:00',1500.00,4,3000.00,2,'03:00:00',720,2,2,1,360,9),(196,3,1500.00,4,'03:00:00',1500.00,4,3000.00,2,'04:00:00',720,2,2,1,360,9),(197,3,1500.00,4,'04:00:00',1500.00,4,3000.00,2,'05:00:00',720,2,2,1,360,9),(198,3,1500.00,4,'05:00:00',1500.00,4,3000.00,2,'06:00:00',720,2,2,1,360,9),(199,3,1500.00,4,'06:00:00',1500.00,4,3000.00,2,'07:00:00',720,2,2,1,360,9),(200,3,1500.00,4,'07:00:00',1500.00,4,3000.00,2,'08:00:00',720,2,2,1,360,9),(201,3,1500.00,4,'08:00:00',1500.00,4,3000.00,2,'09:00:00',720,2,2,1,360,9),(202,3,1500.00,4,'09:00:00',1500.00,4,3000.00,2,'10:00:00',720,2,2,1,360,9),(203,3,1500.00,4,'10:00:00',1500.00,4,3000.00,2,'11:00:00',720,2,2,1,360,9),(204,3,1500.00,4,'11:00:00',1500.00,4,3000.00,2,'12:00:00',720,2,2,1,360,9),(205,3,1500.00,4,'12:00:00',1500.00,4,3000.00,2,'13:00:00',720,2,2,1,360,9),(206,3,1500.00,4,'13:00:00',1500.00,4,3000.00,2,'14:00:00',720,2,2,1,360,9),(207,3,1500.00,4,'14:00:00',1500.00,4,3000.00,2,'15:00:00',720,2,2,1,360,9),(208,3,1500.00,4,'15:00:00',1500.00,4,3000.00,2,'16:00:00',720,2,2,1,360,9),(209,3,1500.00,4,'16:00:00',1500.00,4,3000.00,2,'17:00:00',720,2,2,1,360,9),(210,3,1500.00,4,'17:00:00',1500.00,4,3000.00,2,'18:00:00',720,2,2,1,360,9),(211,3,1500.00,4,'18:00:00',1500.00,4,3000.00,2,'19:00:00',720,2,2,1,360,9),(212,3,1500.00,4,'19:00:00',1500.00,4,3000.00,2,'20:00:00',720,2,2,1,360,9),(213,3,1500.00,4,'20:00:00',1500.00,4,3000.00,2,'21:00:00',720,2,2,1,360,9),(214,3,1500.00,4,'21:00:00',1500.00,4,3000.00,2,'22:00:00',720,2,2,1,360,9),(215,3,1500.00,4,'22:00:00',1500.00,4,3000.00,2,'23:00:00',720,2,2,1,360,9),(216,3,1500.00,4,'23:00:00',1500.00,4,3000.00,2,'00:00:00',720,2,2,1,360,9),(217,3,1500.00,4,'00:00:00',1500.00,4,3000.00,2,'01:00:00',720,2,2,1,360,10),(218,3,1500.00,4,'01:00:00',1500.00,4,3000.00,2,'02:00:00',720,2,2,1,360,10),(219,3,1500.00,4,'02:00:00',1500.00,4,3000.00,2,'03:00:00',720,2,2,1,360,10),(220,3,1500.00,4,'03:00:00',1500.00,4,3000.00,2,'04:00:00',720,2,2,1,360,10),(221,3,1500.00,4,'04:00:00',1500.00,4,3000.00,2,'05:00:00',720,2,2,1,360,10),(222,3,1500.00,4,'05:00:00',1500.00,4,3000.00,2,'06:00:00',720,2,2,1,360,10),(223,3,1500.00,4,'06:00:00',1500.00,4,3000.00,2,'07:00:00',720,2,2,1,360,10),(224,3,1500.00,4,'07:00:00',1500.00,4,3000.00,2,'08:00:00',720,2,2,1,360,10),(225,3,1500.00,4,'08:00:00',1500.00,4,3000.00,2,'09:00:00',720,2,2,1,360,10),(226,3,1500.00,4,'09:00:00',1500.00,4,3000.00,2,'10:00:00',720,2,2,1,360,10),(227,3,1500.00,4,'10:00:00',1500.00,4,3000.00,2,'11:00:00',720,2,2,1,360,10),(228,3,1500.00,4,'11:00:00',1500.00,4,3000.00,2,'12:00:00',720,2,2,1,360,10),(229,3,1500.00,4,'12:00:00',1500.00,4,3000.00,2,'13:00:00',720,2,2,1,360,10),(230,3,1500.00,4,'13:00:00',1500.00,4,3000.00,2,'14:00:00',720,2,2,1,360,10),(231,3,1500.00,4,'14:00:00',1500.00,4,3000.00,2,'15:00:00',720,2,2,1,360,10),(232,3,1500.00,4,'15:00:00',1500.00,4,3000.00,2,'16:00:00',720,2,2,1,360,10),(233,3,1500.00,4,'16:00:00',1500.00,4,3000.00,2,'17:00:00',720,2,2,1,360,10),(234,3,1500.00,4,'17:00:00',1500.00,4,3000.00,2,'18:00:00',720,2,2,1,360,10),(235,3,1500.00,4,'18:00:00',1500.00,4,3000.00,2,'19:00:00',720,2,2,1,360,10),(236,3,1500.00,4,'19:00:00',1500.00,4,3000.00,2,'20:00:00',720,2,2,1,360,10),(237,3,1500.00,4,'20:00:00',1500.00,4,3000.00,2,'21:00:00',720,2,2,1,360,10),(238,3,1500.00,4,'21:00:00',1500.00,4,3000.00,2,'22:00:00',720,2,2,1,360,10),(239,3,1500.00,4,'22:00:00',1500.00,4,3000.00,2,'23:00:00',720,2,2,1,360,10),(240,3,1500.00,4,'23:00:00',1500.00,4,3000.00,2,'00:00:00',720,2,2,1,360,10),(241,3,1500.00,4,'00:00:00',1500.00,4,3000.00,2,'01:00:00',720,2,2,1,360,11),(242,3,1500.00,4,'01:00:00',1500.00,4,3000.00,2,'02:00:00',720,2,2,1,360,11),(243,3,1500.00,4,'02:00:00',1500.00,4,3000.00,2,'03:00:00',720,2,2,1,360,11),(244,3,1500.00,4,'03:00:00',1500.00,4,3000.00,2,'04:00:00',720,2,2,1,360,11),(245,3,1500.00,4,'04:00:00',1500.00,4,3000.00,2,'05:00:00',720,2,2,1,360,11),(246,3,1500.00,4,'05:00:00',1500.00,4,3000.00,2,'06:00:00',720,2,2,1,360,11),(247,3,1500.00,4,'06:00:00',1500.00,4,3000.00,2,'07:00:00',720,2,2,1,360,11),(248,3,1500.00,4,'07:00:00',1500.00,4,3000.00,2,'08:00:00',720,2,2,1,360,11),(249,3,1500.00,4,'08:00:00',1500.00,4,3000.00,2,'09:00:00',720,2,2,1,360,11),(250,3,1500.00,4,'09:00:00',1500.00,4,3000.00,2,'10:00:00',720,2,2,1,360,11),(251,3,1500.00,4,'10:00:00',1500.00,4,3000.00,2,'11:00:00',720,2,2,1,360,11),(252,3,1500.00,4,'11:00:00',1500.00,4,3000.00,2,'12:00:00',720,2,2,1,360,11),(253,3,1500.00,4,'12:00:00',1500.00,4,3000.00,2,'13:00:00',720,2,2,1,360,11),(254,3,1500.00,4,'13:00:00',1500.00,4,3000.00,2,'14:00:00',720,2,2,1,360,11),(255,3,1500.00,4,'14:00:00',1500.00,4,3000.00,2,'15:00:00',720,2,2,1,360,11),(256,3,1500.00,4,'15:00:00',1500.00,4,3000.00,2,'16:00:00',720,2,2,1,360,11),(257,3,1500.00,4,'16:00:00',1500.00,4,3000.00,2,'17:00:00',720,2,2,1,360,11),(258,3,1500.00,4,'17:00:00',1500.00,4,3000.00,2,'18:00:00',720,2,2,1,360,11),(259,3,1500.00,4,'18:00:00',1500.00,4,3000.00,2,'19:00:00',720,2,2,1,360,11),(260,3,1500.00,4,'19:00:00',1500.00,4,3000.00,2,'20:00:00',720,2,2,1,360,11),(261,3,1500.00,4,'20:00:00',1500.00,4,3000.00,2,'21:00:00',720,2,2,1,360,11),(262,3,1500.00,4,'21:00:00',1500.00,4,3000.00,2,'22:00:00',720,2,2,1,360,11),(263,3,1500.00,4,'22:00:00',1500.00,4,3000.00,2,'23:00:00',720,2,2,1,360,11),(264,3,1500.00,4,'23:00:00',1500.00,4,3000.00,2,'00:00:00',720,2,2,1,360,11),(265,3,1500.00,4,'00:00:00',1500.00,4,3000.00,2,'01:00:00',720,2,2,1,360,12),(266,3,1500.00,4,'01:00:00',1500.00,4,3000.00,2,'02:00:00',720,2,2,1,360,12),(267,3,1500.00,4,'02:00:00',1500.00,4,3000.00,2,'03:00:00',720,2,2,1,360,12),(268,3,1500.00,4,'03:00:00',1500.00,4,3000.00,2,'04:00:00',720,2,2,1,360,12),(269,3,1500.00,4,'04:00:00',1500.00,4,3000.00,2,'05:00:00',720,2,2,1,360,12),(270,3,1500.00,4,'05:00:00',1500.00,4,3000.00,2,'06:00:00',720,2,2,1,360,12),(271,3,1500.00,4,'06:00:00',1500.00,4,3000.00,2,'07:00:00',720,2,2,1,360,12),(272,3,1500.00,4,'07:00:00',1500.00,4,3000.00,2,'08:00:00',720,2,2,1,360,12),(273,3,1500.00,4,'08:00:00',1500.00,4,3000.00,2,'09:00:00',720,2,2,1,360,12),(274,3,1500.00,4,'09:00:00',1500.00,4,3000.00,2,'10:00:00',720,2,2,1,360,12),(275,3,1500.00,4,'10:00:00',1500.00,4,3000.00,2,'11:00:00',720,2,2,1,360,12),(276,3,1500.00,4,'11:00:00',1500.00,4,3000.00,2,'12:00:00',720,2,2,1,360,12),(277,3,1500.00,4,'12:00:00',1500.00,4,3000.00,2,'13:00:00',720,2,2,1,360,12),(278,3,1500.00,4,'13:00:00',1500.00,4,3000.00,2,'14:00:00',720,2,2,1,360,12),(279,3,1500.00,4,'14:00:00',1500.00,4,3000.00,2,'15:00:00',720,2,2,1,360,12),(280,3,1500.00,4,'15:00:00',1500.00,4,3000.00,2,'16:00:00',720,2,2,1,360,12),(281,3,1500.00,4,'16:00:00',1500.00,4,3000.00,2,'17:00:00',720,2,2,1,360,12),(282,3,1500.00,4,'17:00:00',1500.00,4,3000.00,2,'18:00:00',720,2,2,1,360,12),(283,3,1500.00,4,'18:00:00',1500.00,4,3000.00,2,'19:00:00',720,2,2,1,360,12),(284,3,1500.00,4,'19:00:00',1500.00,4,3000.00,2,'20:00:00',720,2,2,1,360,12),(285,3,1500.00,4,'20:00:00',1500.00,4,3000.00,2,'21:00:00',720,2,2,1,360,12),(286,3,1500.00,4,'21:00:00',1500.00,4,3000.00,2,'22:00:00',720,2,2,1,360,12),(287,3,1500.00,4,'22:00:00',1500.00,4,3000.00,2,'23:00:00',720,2,2,1,360,12),(288,3,1500.00,4,'23:00:00',1500.00,4,3000.00,2,'00:00:00',720,2,2,1,360,12),(289,3,1500.00,4,'00:00:00',1500.00,4,3000.00,2,'01:00:00',720,2,2,1,360,13),(290,3,1500.00,4,'01:00:00',1500.00,4,3000.00,2,'02:00:00',720,2,2,1,360,13),(291,3,1500.00,4,'02:00:00',1500.00,4,3000.00,2,'03:00:00',720,2,2,1,360,13),(292,3,1500.00,4,'03:00:00',1500.00,4,3000.00,2,'04:00:00',720,2,2,1,360,13),(293,3,1500.00,4,'04:00:00',1500.00,4,3000.00,2,'05:00:00',720,2,2,1,360,13),(294,3,1500.00,4,'05:00:00',1500.00,4,3000.00,2,'06:00:00',720,2,2,1,360,13),(295,3,1500.00,4,'06:00:00',1500.00,4,3000.00,2,'07:00:00',720,2,2,1,360,13),(296,3,1500.00,4,'07:00:00',1500.00,4,3000.00,2,'08:00:00',720,2,2,1,360,13),(297,3,1500.00,4,'08:00:00',1500.00,4,3000.00,2,'09:00:00',720,2,2,1,360,13),(298,3,1500.00,4,'09:00:00',1500.00,4,3000.00,2,'10:00:00',720,2,2,1,360,13),(299,3,1500.00,4,'10:00:00',1500.00,4,3000.00,2,'11:00:00',720,2,2,1,360,13),(300,3,1500.00,4,'11:00:00',1500.00,4,3000.00,2,'12:00:00',720,2,2,1,360,13),(301,3,1500.00,4,'12:00:00',1500.00,4,3000.00,2,'13:00:00',720,2,2,1,360,13),(302,3,1500.00,4,'13:00:00',1500.00,4,3000.00,2,'14:00:00',720,2,2,1,360,13),(303,3,1500.00,4,'14:00:00',1500.00,4,3000.00,2,'15:00:00',720,2,2,1,360,13),(304,3,1500.00,4,'15:00:00',1500.00,4,3000.00,2,'16:00:00',720,2,2,1,360,13),(305,3,1500.00,4,'16:00:00',1500.00,4,3000.00,2,'17:00:00',720,2,2,1,360,13),(306,3,1500.00,4,'17:00:00',1500.00,4,3000.00,2,'18:00:00',720,2,2,1,360,13),(307,3,1500.00,4,'18:00:00',1500.00,4,3000.00,2,'19:00:00',720,2,2,1,360,13),(308,3,1500.00,4,'19:00:00',1500.00,4,3000.00,2,'20:00:00',720,2,2,1,360,13),(309,3,1500.00,4,'20:00:00',1500.00,4,3000.00,2,'21:00:00',720,2,2,1,360,13),(310,3,1500.00,4,'21:00:00',1500.00,4,3000.00,2,'22:00:00',720,2,2,1,360,13),(311,3,1500.00,4,'22:00:00',1500.00,4,3000.00,2,'23:00:00',720,2,2,1,360,13),(312,3,1500.00,4,'23:00:00',1500.00,4,3000.00,2,'00:00:00',720,2,2,1,360,13),(313,3,1500.00,4,'00:00:00',1500.00,4,3000.00,2,'01:00:00',720,2,2,1,360,14),(314,3,1500.00,4,'01:00:00',1500.00,4,3000.00,2,'02:00:00',720,2,2,1,360,14),(315,3,1500.00,4,'02:00:00',1500.00,4,3000.00,2,'03:00:00',720,2,2,1,360,14),(316,3,1500.00,4,'03:00:00',1500.00,4,3000.00,2,'04:00:00',720,2,2,1,360,14),(317,3,1500.00,4,'04:00:00',1500.00,4,3000.00,2,'05:00:00',720,2,2,1,360,14),(318,3,1500.00,4,'05:00:00',1500.00,4,3000.00,2,'06:00:00',720,2,2,1,360,14),(319,3,1500.00,4,'06:00:00',1500.00,4,3000.00,2,'07:00:00',720,2,2,1,360,14),(320,3,1500.00,4,'07:00:00',1500.00,4,3000.00,2,'08:00:00',720,2,2,1,360,14),(321,3,1500.00,4,'08:00:00',1500.00,4,3000.00,2,'09:00:00',720,2,2,1,360,14),(322,3,1500.00,4,'09:00:00',1500.00,4,3000.00,2,'10:00:00',720,2,2,1,360,14),(323,3,1500.00,4,'10:00:00',1500.00,4,3000.00,2,'11:00:00',720,2,2,1,360,14),(324,3,1500.00,4,'11:00:00',1500.00,4,3000.00,2,'12:00:00',720,2,2,1,360,14),(325,3,1500.00,4,'12:00:00',1500.00,4,3000.00,2,'13:00:00',720,2,2,1,360,14),(326,3,1500.00,4,'13:00:00',1500.00,4,3000.00,2,'14:00:00',720,2,2,1,360,14),(327,3,1500.00,4,'14:00:00',1500.00,4,3000.00,2,'15:00:00',720,2,2,1,360,14),(328,3,1500.00,4,'15:00:00',1500.00,4,3000.00,2,'16:00:00',720,2,2,1,360,14),(329,3,1500.00,4,'16:00:00',1500.00,4,3000.00,2,'17:00:00',720,2,2,1,360,14),(330,3,1500.00,4,'17:00:00',1500.00,4,3000.00,2,'18:00:00',720,2,2,1,360,14),(331,3,1500.00,4,'18:00:00',1500.00,4,3000.00,2,'19:00:00',720,2,2,1,360,14),(332,3,1500.00,4,'19:00:00',1500.00,4,3000.00,2,'20:00:00',720,2,2,1,360,14),(333,3,1500.00,4,'20:00:00',1500.00,4,3000.00,2,'21:00:00',720,2,2,1,360,14),(334,3,1500.00,4,'21:00:00',1500.00,4,3000.00,2,'22:00:00',720,2,2,1,360,14),(335,3,1500.00,4,'22:00:00',1500.00,4,3000.00,2,'23:00:00',720,2,2,1,360,14),(336,3,1500.00,4,'23:00:00',1500.00,4,3000.00,2,'00:00:00',720,2,2,1,360,14),(337,3,1500.00,4,'00:00:00',1500.00,4,3000.00,2,'01:00:00',720,2,2,1,360,15),(338,3,1500.00,4,'01:00:00',1500.00,4,3000.00,2,'02:00:00',720,2,2,1,360,15),(339,3,1500.00,4,'02:00:00',1500.00,4,3000.00,2,'03:00:00',720,2,2,1,360,15),(340,3,1500.00,4,'03:00:00',1500.00,4,3000.00,2,'04:00:00',720,2,2,1,360,15),(341,3,1500.00,4,'04:00:00',1500.00,4,3000.00,2,'05:00:00',720,2,2,1,360,15),(342,3,1500.00,4,'05:00:00',1500.00,4,3000.00,2,'06:00:00',720,2,2,1,360,15),(343,3,1500.00,4,'06:00:00',1500.00,4,3000.00,2,'07:00:00',720,2,2,1,360,15),(344,3,1500.00,4,'07:00:00',1500.00,4,3000.00,2,'08:00:00',720,2,2,1,360,15),(345,3,1500.00,4,'08:00:00',1500.00,4,3000.00,2,'09:00:00',720,2,2,1,360,15),(346,3,1500.00,4,'09:00:00',1500.00,4,3000.00,2,'10:00:00',720,2,2,1,360,15),(347,3,1500.00,4,'10:00:00',1500.00,4,3000.00,2,'11:00:00',720,2,2,1,360,15),(348,3,1500.00,4,'11:00:00',1500.00,4,3000.00,2,'12:00:00',720,2,2,1,360,15),(349,3,1500.00,4,'12:00:00',1500.00,4,3000.00,2,'13:00:00',720,2,2,1,360,15),(350,3,1500.00,4,'13:00:00',1500.00,4,3000.00,2,'14:00:00',720,2,2,1,360,15),(351,3,1500.00,4,'14:00:00',1500.00,4,3000.00,2,'15:00:00',720,2,2,1,360,15),(352,3,1500.00,4,'15:00:00',1500.00,4,3000.00,2,'16:00:00',720,2,2,1,360,15),(353,3,1500.00,4,'16:00:00',1500.00,4,3000.00,2,'17:00:00',720,2,2,1,360,15),(354,3,1500.00,4,'17:00:00',1500.00,4,3000.00,2,'18:00:00',720,2,2,1,360,15),(355,3,1500.00,4,'18:00:00',1500.00,4,3000.00,2,'19:00:00',720,2,2,1,360,15),(356,3,1500.00,4,'19:00:00',1500.00,4,3000.00,2,'20:00:00',720,2,2,1,360,15),(357,3,1500.00,4,'20:00:00',1500.00,4,3000.00,2,'21:00:00',720,2,2,1,360,15),(358,3,1500.00,4,'21:00:00',1500.00,4,3000.00,2,'22:00:00',720,2,2,1,360,15),(359,3,1500.00,4,'22:00:00',1500.00,4,3000.00,2,'23:00:00',720,2,2,1,360,15),(360,3,1500.00,4,'23:00:00',1500.00,4,3000.00,2,'00:00:00',720,2,2,1,360,15),(361,3,1500.00,4,'00:00:00',1500.00,4,3000.00,2,'01:00:00',720,2,2,1,360,16),(362,3,1500.00,4,'01:00:00',1500.00,4,3000.00,2,'02:00:00',720,2,2,1,360,16),(363,3,1500.00,4,'02:00:00',1500.00,4,3000.00,2,'03:00:00',720,2,2,1,360,16),(364,3,1500.00,4,'03:00:00',1500.00,4,3000.00,2,'04:00:00',720,2,2,1,360,16),(365,3,1500.00,4,'04:00:00',1500.00,4,3000.00,2,'05:00:00',720,2,2,1,360,16),(366,3,1500.00,4,'05:00:00',1500.00,4,3000.00,2,'06:00:00',720,2,2,1,360,16),(367,3,1500.00,4,'06:00:00',1500.00,4,3000.00,2,'07:00:00',720,2,2,1,360,16),(368,3,1500.00,4,'07:00:00',1500.00,4,3000.00,2,'08:00:00',720,2,2,1,360,16),(369,3,1500.00,4,'08:00:00',1500.00,4,3000.00,2,'09:00:00',720,2,2,1,360,16),(370,3,1500.00,4,'09:00:00',1500.00,4,3000.00,2,'10:00:00',720,2,2,1,360,16),(371,3,1500.00,4,'10:00:00',1500.00,4,3000.00,2,'11:00:00',720,2,2,1,360,16),(372,3,1500.00,4,'11:00:00',1500.00,4,3000.00,2,'12:00:00',720,2,2,1,360,16),(373,3,1500.00,4,'12:00:00',1500.00,4,3000.00,2,'13:00:00',720,2,2,1,360,16),(374,3,1500.00,4,'13:00:00',1500.00,4,3000.00,2,'14:00:00',720,2,2,1,360,16),(375,3,1500.00,4,'14:00:00',1500.00,4,3000.00,2,'15:00:00',720,2,2,1,360,16),(376,3,1500.00,4,'15:00:00',1500.00,4,3000.00,2,'16:00:00',720,2,2,1,360,16),(377,3,1500.00,4,'16:00:00',1500.00,4,3000.00,2,'17:00:00',720,2,2,1,360,16),(378,3,1500.00,4,'17:00:00',1500.00,4,3000.00,2,'18:00:00',720,2,2,1,360,16),(379,3,1500.00,4,'18:00:00',1500.00,4,3000.00,2,'19:00:00',720,2,2,1,360,16),(380,3,1500.00,4,'19:00:00',1500.00,4,3000.00,2,'20:00:00',720,2,2,1,360,16),(381,3,1500.00,4,'20:00:00',1500.00,4,3000.00,2,'21:00:00',720,2,2,1,360,16),(382,3,1500.00,4,'21:00:00',1500.00,4,3000.00,2,'22:00:00',720,2,2,1,360,16),(383,3,1500.00,4,'22:00:00',1500.00,4,3000.00,2,'23:00:00',720,2,2,1,360,16),(384,3,1500.00,4,'23:00:00',1500.00,4,3000.00,2,'00:00:00',720,2,2,1,360,16),(385,3,1500.00,4,'00:00:00',1500.00,4,3000.00,2,'01:00:00',720,2,2,1,360,17),(386,3,1500.00,4,'01:00:00',1500.00,4,3000.00,2,'02:00:00',720,2,2,1,360,17),(387,3,1500.00,4,'02:00:00',1500.00,4,3000.00,2,'03:00:00',720,2,2,1,360,17),(388,3,1500.00,4,'03:00:00',1500.00,4,3000.00,2,'04:00:00',720,2,2,1,360,17),(389,3,1500.00,4,'04:00:00',1500.00,4,3000.00,2,'05:00:00',720,2,2,1,360,17),(390,3,1500.00,4,'05:00:00',1500.00,4,3000.00,2,'06:00:00',720,2,2,1,360,17),(391,3,1500.00,4,'06:00:00',1500.00,4,3000.00,2,'07:00:00',720,2,2,1,360,17),(392,3,1500.00,4,'07:00:00',1500.00,4,3000.00,2,'08:00:00',720,2,2,1,360,17),(393,3,1500.00,4,'08:00:00',1500.00,4,3000.00,2,'09:00:00',720,2,2,1,360,17),(394,3,1500.00,4,'09:00:00',1500.00,4,3000.00,2,'10:00:00',720,2,2,1,360,17),(395,3,1500.00,4,'10:00:00',1500.00,4,3000.00,2,'11:00:00',720,2,2,1,360,17),(396,3,1500.00,4,'11:00:00',1500.00,4,3000.00,2,'12:00:00',720,2,2,1,360,17),(397,3,1500.00,4,'12:00:00',1500.00,4,3000.00,2,'13:00:00',720,2,2,1,360,17),(398,3,1500.00,4,'13:00:00',1500.00,4,3000.00,2,'14:00:00',720,2,2,1,360,17),(399,3,1500.00,4,'14:00:00',1500.00,4,3000.00,2,'15:00:00',720,2,2,1,360,17),(400,3,1500.00,4,'15:00:00',1500.00,4,3000.00,2,'16:00:00',720,2,2,1,360,17),(401,3,1500.00,4,'16:00:00',1500.00,4,3000.00,2,'17:00:00',720,2,2,1,360,17),(402,3,1500.00,4,'17:00:00',1500.00,4,3000.00,2,'18:00:00',720,2,2,1,360,17),(403,3,1500.00,4,'18:00:00',1500.00,4,3000.00,2,'19:00:00',720,2,2,1,360,17),(404,3,1500.00,4,'19:00:00',1500.00,4,3000.00,2,'20:00:00',720,2,2,1,360,17),(405,3,1500.00,4,'20:00:00',1500.00,4,3000.00,2,'21:00:00',720,2,2,1,360,17),(406,3,1500.00,4,'21:00:00',1500.00,4,3000.00,2,'22:00:00',720,2,2,1,360,17),(407,3,1500.00,4,'22:00:00',1500.00,4,3000.00,2,'23:00:00',720,2,2,1,360,17),(408,3,1500.00,4,'23:00:00',1500.00,4,3000.00,2,'00:00:00',720,2,2,1,360,17),(409,3,1500.00,4,'00:00:00',1500.00,4,3000.00,2,'01:00:00',720,2,2,1,360,18),(410,3,1500.00,4,'01:00:00',1500.00,4,3000.00,2,'02:00:00',720,2,2,1,360,18),(411,3,1500.00,4,'02:00:00',1500.00,4,3000.00,2,'03:00:00',720,2,2,1,360,18),(412,3,1500.00,4,'03:00:00',1500.00,4,3000.00,2,'04:00:00',720,2,2,1,360,18),(413,3,1500.00,4,'04:00:00',1500.00,4,3000.00,2,'05:00:00',720,2,2,1,360,18),(414,3,1500.00,4,'05:00:00',1500.00,4,3000.00,2,'06:00:00',720,2,2,1,360,18),(415,3,1500.00,4,'06:00:00',1500.00,4,3000.00,2,'07:00:00',720,2,2,1,360,18),(416,3,1500.00,4,'07:00:00',1500.00,4,3000.00,2,'08:00:00',720,2,2,1,360,18),(417,3,1500.00,4,'08:00:00',1500.00,4,3000.00,2,'09:00:00',720,2,2,1,360,18),(418,3,1500.00,4,'09:00:00',1500.00,4,3000.00,2,'10:00:00',720,2,2,1,360,18),(419,3,1500.00,4,'10:00:00',1500.00,4,3000.00,2,'11:00:00',720,2,2,1,360,18),(420,3,1500.00,4,'11:00:00',1500.00,4,3000.00,2,'12:00:00',720,2,2,1,360,18),(421,3,1500.00,4,'12:00:00',1500.00,4,3000.00,2,'13:00:00',720,2,2,1,360,18),(422,3,1500.00,4,'13:00:00',1500.00,4,3000.00,2,'14:00:00',720,2,2,1,360,18),(423,3,1500.00,4,'14:00:00',1500.00,4,3000.00,2,'15:00:00',720,2,2,1,360,18),(424,3,1500.00,4,'15:00:00',1500.00,4,3000.00,2,'16:00:00',720,2,2,1,360,18),(425,3,1500.00,4,'16:00:00',1500.00,4,3000.00,2,'17:00:00',720,2,2,1,360,18),(426,3,1500.00,4,'17:00:00',1500.00,4,3000.00,2,'18:00:00',720,2,2,1,360,18),(427,3,1500.00,4,'18:00:00',1500.00,4,3000.00,2,'19:00:00',720,2,2,1,360,18),(428,3,1500.00,4,'19:00:00',1500.00,4,3000.00,2,'20:00:00',720,2,2,1,360,18),(429,3,1500.00,4,'20:00:00',1500.00,4,3000.00,2,'21:00:00',720,2,2,1,360,18),(430,3,1500.00,4,'21:00:00',1500.00,4,3000.00,2,'22:00:00',720,2,2,1,360,18),(431,3,1500.00,4,'22:00:00',1500.00,4,3000.00,2,'23:00:00',720,2,2,1,360,18),(432,3,1500.00,4,'23:00:00',1500.00,4,3000.00,2,'00:00:00',720,2,2,1,360,18),(433,3,1500.00,4,'00:00:00',1500.00,4,3000.00,2,'01:00:00',720,2,2,1,360,19),(434,3,1500.00,4,'01:00:00',1500.00,4,3000.00,2,'02:00:00',720,2,2,1,360,19),(435,3,1500.00,4,'02:00:00',1500.00,4,3000.00,2,'03:00:00',720,2,2,1,360,19),(436,3,1500.00,4,'03:00:00',1500.00,4,3000.00,2,'04:00:00',720,2,2,1,360,19),(437,3,1500.00,4,'04:00:00',1500.00,4,3000.00,2,'05:00:00',720,2,2,1,360,19),(438,3,1500.00,4,'05:00:00',1500.00,4,3000.00,2,'06:00:00',720,2,2,1,360,19),(439,3,1500.00,4,'06:00:00',1500.00,4,3000.00,2,'07:00:00',720,2,2,1,360,19),(440,3,1500.00,4,'07:00:00',1500.00,4,3000.00,2,'08:00:00',720,2,2,1,360,19),(441,3,1500.00,4,'08:00:00',1500.00,4,3000.00,2,'09:00:00',720,2,2,1,360,19),(442,3,1500.00,4,'09:00:00',1500.00,4,3000.00,2,'10:00:00',720,2,2,1,360,19),(443,3,1500.00,4,'10:00:00',1500.00,4,3000.00,2,'11:00:00',720,2,2,1,360,19),(444,3,1500.00,4,'11:00:00',1500.00,4,3000.00,2,'12:00:00',720,2,2,1,360,19),(445,3,1500.00,4,'12:00:00',1500.00,4,3000.00,2,'13:00:00',720,2,2,1,360,19),(446,3,1500.00,4,'13:00:00',1500.00,4,3000.00,2,'14:00:00',720,2,2,1,360,19),(447,3,1500.00,4,'14:00:00',1500.00,4,3000.00,2,'15:00:00',720,2,2,1,360,19),(448,3,1500.00,4,'15:00:00',1500.00,4,3000.00,2,'16:00:00',720,2,2,1,360,19),(449,3,1500.00,4,'16:00:00',1500.00,4,3000.00,2,'17:00:00',720,2,2,1,360,19),(450,3,1500.00,4,'17:00:00',1500.00,4,3000.00,2,'18:00:00',720,2,2,1,360,19),(451,3,1500.00,4,'18:00:00',1500.00,4,3000.00,2,'19:00:00',720,2,2,1,360,19),(452,3,1500.00,4,'19:00:00',1500.00,4,3000.00,2,'20:00:00',720,2,2,1,360,19),(453,3,1500.00,4,'20:00:00',1500.00,4,3000.00,2,'21:00:00',720,2,2,1,360,19),(454,3,1500.00,4,'21:00:00',1500.00,4,3000.00,2,'22:00:00',720,2,2,1,360,19),(455,3,1500.00,4,'22:00:00',1500.00,4,3000.00,2,'23:00:00',720,2,2,1,360,19),(456,3,1500.00,4,'23:00:00',1500.00,4,3000.00,2,'00:00:00',720,2,2,1,360,19),(457,3,1500.00,4,'00:00:00',1500.00,4,3000.00,2,'01:00:00',720,2,2,1,360,20),(458,3,1500.00,4,'01:00:00',1500.00,4,3000.00,2,'02:00:00',720,2,2,1,360,20),(459,3,1500.00,4,'02:00:00',1500.00,4,3000.00,2,'03:00:00',720,2,2,1,360,20),(460,3,1500.00,4,'03:00:00',1500.00,4,3000.00,2,'04:00:00',720,2,2,1,360,20),(461,3,1500.00,4,'04:00:00',1500.00,4,3000.00,2,'05:00:00',720,2,2,1,360,20),(462,3,1500.00,4,'05:00:00',1500.00,4,3000.00,2,'06:00:00',720,2,2,1,360,20),(463,3,1500.00,4,'06:00:00',1500.00,4,3000.00,2,'07:00:00',720,2,2,1,360,20),(464,3,1500.00,4,'07:00:00',1500.00,4,3000.00,2,'08:00:00',720,2,2,1,360,20),(465,3,1500.00,4,'08:00:00',1500.00,4,3000.00,2,'09:00:00',720,2,2,1,360,20),(466,3,1500.00,4,'09:00:00',1500.00,4,3000.00,2,'10:00:00',720,2,2,1,360,20),(467,3,1500.00,4,'10:00:00',1500.00,4,3000.00,2,'11:00:00',720,2,2,1,360,20),(468,3,1500.00,4,'11:00:00',1500.00,4,3000.00,2,'12:00:00',720,2,2,1,360,20),(469,3,1500.00,4,'12:00:00',1500.00,4,3000.00,2,'13:00:00',720,2,2,1,360,20),(470,3,1500.00,4,'13:00:00',1500.00,4,3000.00,2,'14:00:00',720,2,2,1,360,20),(471,3,1500.00,4,'14:00:00',1500.00,4,3000.00,2,'15:00:00',720,2,2,1,360,20),(472,3,1500.00,4,'15:00:00',1500.00,4,3000.00,2,'16:00:00',720,2,2,1,360,20),(473,3,1500.00,4,'16:00:00',1500.00,4,3000.00,2,'17:00:00',720,2,2,1,360,20),(474,3,1500.00,4,'17:00:00',1500.00,4,3000.00,2,'18:00:00',720,2,2,1,360,20),(475,3,1500.00,4,'18:00:00',1500.00,4,3000.00,2,'19:00:00',720,2,2,1,360,20),(476,3,1500.00,4,'19:00:00',1500.00,4,3000.00,2,'20:00:00',720,2,2,1,360,20),(477,3,1500.00,4,'20:00:00',1500.00,4,3000.00,2,'21:00:00',720,2,2,1,360,20),(478,3,1500.00,4,'21:00:00',1500.00,4,3000.00,2,'22:00:00',720,2,2,1,360,20),(479,3,1500.00,4,'22:00:00',1500.00,4,3000.00,2,'23:00:00',720,2,2,1,360,20),(480,3,1500.00,4,'23:00:00',1500.00,4,3000.00,2,'00:00:00',720,2,2,1,360,20),(481,3,1500.00,4,'00:00:00',1500.00,4,3000.00,2,'01:00:00',720,2,2,1,360,21),(482,3,1500.00,4,'01:00:00',1500.00,4,3000.00,2,'02:00:00',720,2,2,1,360,21),(483,3,1500.00,4,'02:00:00',1500.00,4,3000.00,2,'03:00:00',720,2,2,1,360,21),(484,3,1500.00,4,'03:00:00',1500.00,4,3000.00,2,'04:00:00',720,2,2,1,360,21),(485,3,1500.00,4,'04:00:00',1500.00,4,3000.00,2,'05:00:00',720,2,2,1,360,21),(486,3,1500.00,4,'05:00:00',1500.00,4,3000.00,2,'06:00:00',720,2,2,1,360,21),(487,3,1500.00,4,'06:00:00',1500.00,4,3000.00,2,'07:00:00',720,2,2,1,360,21),(488,3,1500.00,4,'07:00:00',1500.00,4,3000.00,2,'08:00:00',720,2,2,1,360,21),(489,3,1500.00,4,'08:00:00',1500.00,4,3000.00,2,'09:00:00',720,2,2,1,360,21),(490,3,1500.00,4,'09:00:00',1500.00,4,3000.00,2,'10:00:00',720,2,2,1,360,21),(491,3,1500.00,4,'10:00:00',1500.00,4,3000.00,2,'11:00:00',720,2,2,1,360,21),(492,3,1500.00,4,'11:00:00',1500.00,4,3000.00,2,'12:00:00',720,2,2,1,360,21),(493,3,1500.00,4,'12:00:00',1500.00,4,3000.00,2,'13:00:00',720,2,2,1,360,21),(494,3,1500.00,4,'13:00:00',1500.00,4,3000.00,2,'14:00:00',720,2,2,1,360,21),(495,3,1500.00,4,'14:00:00',1500.00,4,3000.00,2,'15:00:00',720,2,2,1,360,21),(496,3,1500.00,4,'15:00:00',1500.00,4,3000.00,2,'16:00:00',720,2,2,1,360,21),(497,3,1500.00,4,'16:00:00',1500.00,4,3000.00,2,'17:00:00',720,2,2,1,360,21),(498,3,1500.00,4,'17:00:00',1500.00,4,3000.00,2,'18:00:00',720,2,2,1,360,21),(499,3,1500.00,4,'18:00:00',1500.00,4,3000.00,2,'19:00:00',720,2,2,1,360,21),(500,3,1500.00,4,'19:00:00',1500.00,4,3000.00,2,'20:00:00',720,2,2,1,360,21),(501,3,1500.00,4,'20:00:00',1500.00,4,3000.00,2,'21:00:00',720,2,2,1,360,21),(502,3,1500.00,4,'21:00:00',1500.00,4,3000.00,2,'22:00:00',720,2,2,1,360,21),(503,3,1500.00,4,'22:00:00',1500.00,4,3000.00,2,'23:00:00',720,2,2,1,360,21),(504,3,1500.00,4,'23:00:00',1500.00,4,3000.00,2,'00:00:00',720,2,2,1,360,21),(505,3,1500.00,4,'00:00:00',1500.00,4,3000.00,2,'01:00:00',720,2,2,1,360,22),(506,3,1500.00,4,'01:00:00',1500.00,4,3000.00,2,'02:00:00',720,2,2,1,360,22),(507,3,1500.00,4,'02:00:00',1500.00,4,3000.00,2,'03:00:00',720,2,2,1,360,22),(508,3,1500.00,4,'03:00:00',1500.00,4,3000.00,2,'04:00:00',720,2,2,1,360,22),(509,3,1500.00,4,'04:00:00',1500.00,4,3000.00,2,'05:00:00',720,2,2,1,360,22),(510,3,1500.00,4,'05:00:00',1500.00,4,3000.00,2,'06:00:00',720,2,2,1,360,22),(511,3,1500.00,4,'06:00:00',1500.00,4,3000.00,2,'07:00:00',720,2,2,1,360,22),(512,3,1500.00,4,'07:00:00',1500.00,4,3000.00,2,'08:00:00',720,2,2,1,360,22),(513,3,1500.00,4,'08:00:00',1500.00,4,3000.00,2,'09:00:00',720,2,2,1,360,22),(514,3,1500.00,4,'09:00:00',1500.00,4,3000.00,2,'10:00:00',720,2,2,1,360,22),(515,3,1500.00,4,'10:00:00',1500.00,4,3000.00,2,'11:00:00',720,2,2,1,360,22),(516,3,1500.00,4,'11:00:00',1500.00,4,3000.00,2,'12:00:00',720,2,2,1,360,22),(517,3,1500.00,4,'12:00:00',1500.00,4,3000.00,2,'13:00:00',720,2,2,1,360,22),(518,3,1500.00,4,'13:00:00',1500.00,4,3000.00,2,'14:00:00',720,2,2,1,360,22),(519,3,1500.00,4,'14:00:00',1500.00,4,3000.00,2,'15:00:00',720,2,2,1,360,22),(520,3,1500.00,4,'15:00:00',1500.00,4,3000.00,2,'16:00:00',720,2,2,1,360,22),(521,3,1500.00,4,'16:00:00',1500.00,4,3000.00,2,'17:00:00',720,2,2,1,360,22),(522,3,1500.00,4,'17:00:00',1500.00,4,3000.00,2,'18:00:00',720,2,2,1,360,22),(523,3,1500.00,4,'18:00:00',1500.00,4,3000.00,2,'19:00:00',720,2,2,1,360,22),(524,3,1500.00,4,'19:00:00',1500.00,4,3000.00,2,'20:00:00',720,2,2,1,360,22),(525,3,1500.00,4,'20:00:00',1500.00,4,3000.00,2,'21:00:00',720,2,2,1,360,22),(526,3,1500.00,4,'21:00:00',1500.00,4,3000.00,2,'22:00:00',720,2,2,1,360,22),(527,3,1500.00,4,'22:00:00',1500.00,4,3000.00,2,'23:00:00',720,2,2,1,360,22),(528,3,1500.00,4,'23:00:00',1500.00,4,3000.00,2,'00:00:00',720,2,2,1,360,22),(529,3,1500.00,4,'00:00:00',1500.00,4,3000.00,2,'01:00:00',720,2,2,1,360,23),(530,3,1500.00,4,'01:00:00',1500.00,4,3000.00,2,'02:00:00',720,2,2,1,360,23),(531,3,1500.00,4,'02:00:00',1500.00,4,3000.00,2,'03:00:00',720,2,2,1,360,23),(532,3,1500.00,4,'03:00:00',1500.00,4,3000.00,2,'04:00:00',720,2,2,1,360,23),(533,3,1500.00,4,'04:00:00',1500.00,4,3000.00,2,'05:00:00',720,2,2,1,360,23),(534,3,1500.00,4,'05:00:00',1500.00,4,3000.00,2,'06:00:00',720,2,2,1,360,23),(535,3,1500.00,4,'06:00:00',1500.00,4,3000.00,2,'07:00:00',720,2,2,1,360,23),(536,3,1500.00,4,'07:00:00',1500.00,4,3000.00,2,'08:00:00',720,2,2,1,360,23),(537,3,1500.00,4,'08:00:00',1500.00,4,3000.00,2,'09:00:00',720,2,2,1,360,23),(538,3,1500.00,4,'09:00:00',1500.00,4,3000.00,2,'10:00:00',720,2,2,1,360,23),(539,3,1500.00,4,'10:00:00',1500.00,4,3000.00,2,'11:00:00',720,2,2,1,360,23),(540,3,1500.00,4,'11:00:00',1500.00,4,3000.00,2,'12:00:00',720,2,2,1,360,23),(541,3,1500.00,4,'12:00:00',1500.00,4,3000.00,2,'13:00:00',720,2,2,1,360,23),(542,3,1500.00,4,'13:00:00',1500.00,4,3000.00,2,'14:00:00',720,2,2,1,360,23),(543,3,1500.00,4,'14:00:00',1500.00,4,3000.00,2,'15:00:00',720,2,2,1,360,23),(544,3,1500.00,4,'15:00:00',1500.00,4,3000.00,2,'16:00:00',720,2,2,1,360,23),(545,3,1500.00,4,'16:00:00',1500.00,4,3000.00,2,'17:00:00',720,2,2,1,360,23),(546,3,1500.00,4,'17:00:00',1500.00,4,3000.00,2,'18:00:00',720,2,2,1,360,23),(547,3,1500.00,4,'18:00:00',1500.00,4,3000.00,2,'19:00:00',720,2,2,1,360,23),(548,3,1500.00,4,'19:00:00',1500.00,4,3000.00,2,'20:00:00',720,2,2,1,360,23),(549,3,1500.00,4,'20:00:00',1500.00,4,3000.00,2,'21:00:00',720,2,2,1,360,23),(550,3,1500.00,4,'21:00:00',1500.00,4,3000.00,2,'22:00:00',720,2,2,1,360,23),(551,3,1500.00,4,'22:00:00',1500.00,4,3000.00,2,'23:00:00',720,2,2,1,360,23),(552,3,1500.00,4,'23:00:00',1500.00,4,3000.00,2,'00:00:00',720,2,2,1,360,23),(553,3,1500.00,4,'00:00:00',1500.00,4,3000.00,2,'01:00:00',720,2,2,1,360,24),(554,3,1500.00,4,'01:00:00',1500.00,4,3000.00,2,'02:00:00',720,2,2,1,360,24),(555,3,1500.00,4,'02:00:00',1500.00,4,3000.00,2,'03:00:00',720,2,2,1,360,24),(556,3,1500.00,4,'03:00:00',1500.00,4,3000.00,2,'04:00:00',720,2,2,1,360,24),(557,3,1500.00,4,'04:00:00',1500.00,4,3000.00,2,'05:00:00',720,2,2,1,360,24),(558,3,1500.00,4,'05:00:00',1500.00,4,3000.00,2,'06:00:00',720,2,2,1,360,24),(559,3,1500.00,4,'06:00:00',1500.00,4,3000.00,2,'07:00:00',720,2,2,1,360,24),(560,3,1500.00,4,'07:00:00',1500.00,4,3000.00,2,'08:00:00',720,2,2,1,360,24),(561,3,1500.00,4,'08:00:00',1500.00,4,3000.00,2,'09:00:00',720,2,2,1,360,24),(562,3,1500.00,4,'09:00:00',1500.00,4,3000.00,2,'10:00:00',720,2,2,1,360,24),(563,3,1500.00,4,'10:00:00',1500.00,4,3000.00,2,'11:00:00',720,2,2,1,360,24),(564,3,1500.00,4,'11:00:00',1500.00,4,3000.00,2,'12:00:00',720,2,2,1,360,24),(565,3,1500.00,4,'12:00:00',1500.00,4,3000.00,2,'13:00:00',720,2,2,1,360,24),(566,3,1500.00,4,'13:00:00',1500.00,4,3000.00,2,'14:00:00',720,2,2,1,360,24),(567,3,1500.00,4,'14:00:00',1500.00,4,3000.00,2,'15:00:00',720,2,2,1,360,24),(568,3,1500.00,4,'15:00:00',1500.00,4,3000.00,2,'16:00:00',720,2,2,1,360,24),(569,3,1500.00,4,'16:00:00',1500.00,4,3000.00,2,'17:00:00',720,2,2,1,360,24),(570,3,1500.00,4,'17:00:00',1500.00,4,3000.00,2,'18:00:00',720,2,2,1,360,24),(571,3,1500.00,4,'18:00:00',1500.00,4,3000.00,2,'19:00:00',720,2,2,1,360,24),(572,3,1500.00,4,'19:00:00',1500.00,4,3000.00,2,'20:00:00',720,2,2,1,360,24),(573,3,1500.00,4,'20:00:00',1500.00,4,3000.00,2,'21:00:00',720,2,2,1,360,24),(574,3,1500.00,4,'21:00:00',1500.00,4,3000.00,2,'22:00:00',720,2,2,1,360,24),(575,3,1500.00,4,'22:00:00',1500.00,4,3000.00,2,'23:00:00',720,2,2,1,360,24),(576,3,1500.00,4,'23:00:00',1500.00,4,3000.00,2,'00:00:00',720,2,2,1,360,24),(577,3,1500.00,4,'00:00:00',1500.00,4,3000.00,2,'01:00:00',720,2,2,1,360,25),(578,3,1500.00,4,'01:00:00',1500.00,4,3000.00,2,'02:00:00',720,2,2,1,360,25),(579,3,1500.00,4,'02:00:00',1500.00,4,3000.00,2,'03:00:00',720,2,2,1,360,25),(580,3,1500.00,4,'03:00:00',1500.00,4,3000.00,2,'04:00:00',720,2,2,1,360,25),(581,3,1500.00,4,'04:00:00',1500.00,4,3000.00,2,'05:00:00',720,2,2,1,360,25),(582,3,1500.00,4,'05:00:00',1500.00,4,3000.00,2,'06:00:00',720,2,2,1,360,25),(583,3,1500.00,4,'06:00:00',1500.00,4,3000.00,2,'07:00:00',720,2,2,1,360,25),(584,3,1500.00,4,'07:00:00',1500.00,4,3000.00,2,'08:00:00',720,2,2,1,360,25),(585,3,1500.00,4,'08:00:00',1500.00,4,3000.00,2,'09:00:00',720,2,2,1,360,25),(586,3,1500.00,4,'09:00:00',1500.00,4,3000.00,2,'10:00:00',720,2,2,1,360,25),(587,3,1500.00,4,'10:00:00',1500.00,4,3000.00,2,'11:00:00',720,2,2,1,360,25),(588,3,1500.00,4,'11:00:00',1500.00,4,3000.00,2,'12:00:00',720,2,2,1,360,25),(589,3,1500.00,4,'12:00:00',1500.00,4,3000.00,2,'13:00:00',720,2,2,1,360,25),(590,3,1500.00,4,'13:00:00',1500.00,4,3000.00,2,'14:00:00',720,2,2,1,360,25),(591,3,1500.00,4,'14:00:00',1500.00,4,3000.00,2,'15:00:00',720,2,2,1,360,25),(592,3,1500.00,4,'15:00:00',1500.00,4,3000.00,2,'16:00:00',720,2,2,1,360,25),(593,3,1500.00,4,'16:00:00',1500.00,4,3000.00,2,'17:00:00',720,2,2,1,360,25),(594,3,1500.00,4,'17:00:00',1500.00,4,3000.00,2,'18:00:00',720,2,2,1,360,25),(595,3,1500.00,4,'18:00:00',1500.00,4,3000.00,2,'19:00:00',720,2,2,1,360,25),(596,3,1500.00,4,'19:00:00',1500.00,4,3000.00,2,'20:00:00',720,2,2,1,360,25),(597,3,1500.00,4,'20:00:00',1500.00,4,3000.00,2,'21:00:00',720,2,2,1,360,25),(598,3,1500.00,4,'21:00:00',1500.00,4,3000.00,2,'22:00:00',720,2,2,1,360,25),(599,3,1500.00,4,'22:00:00',1500.00,4,3000.00,2,'23:00:00',720,2,2,1,360,25),(600,3,1500.00,4,'23:00:00',1500.00,4,3000.00,2,'00:00:00',720,2,2,1,360,25),(601,3,1500.00,4,'00:00:00',1500.00,4,3000.00,2,'01:00:00',720,2,2,1,360,26),(602,3,1500.00,4,'01:00:00',1500.00,4,3000.00,2,'02:00:00',720,2,2,1,360,26),(603,3,1500.00,4,'02:00:00',1500.00,4,3000.00,2,'03:00:00',720,2,2,1,360,26),(604,3,1500.00,4,'03:00:00',1500.00,4,3000.00,2,'04:00:00',720,2,2,1,360,26),(605,3,1500.00,4,'04:00:00',1500.00,4,3000.00,2,'05:00:00',720,2,2,1,360,26),(606,3,1500.00,4,'05:00:00',1500.00,4,3000.00,2,'06:00:00',720,2,2,1,360,26),(607,3,1500.00,4,'06:00:00',1500.00,4,3000.00,2,'07:00:00',720,2,2,1,360,26),(608,3,1500.00,4,'07:00:00',1500.00,4,3000.00,2,'08:00:00',720,2,2,1,360,26),(609,3,1500.00,4,'08:00:00',1500.00,4,3000.00,2,'09:00:00',720,2,2,1,360,26),(610,3,1500.00,4,'09:00:00',1500.00,4,3000.00,2,'10:00:00',720,2,2,1,360,26),(611,3,1500.00,4,'10:00:00',1500.00,4,3000.00,2,'11:00:00',720,2,2,1,360,26),(612,3,1500.00,4,'11:00:00',1500.00,4,3000.00,2,'12:00:00',720,2,2,1,360,26),(613,3,1500.00,4,'12:00:00',1500.00,4,3000.00,2,'13:00:00',720,2,2,1,360,26),(614,3,1500.00,4,'13:00:00',1500.00,4,3000.00,2,'14:00:00',720,2,2,1,360,26),(615,3,1500.00,4,'14:00:00',1500.00,4,3000.00,2,'15:00:00',720,2,2,1,360,26),(616,3,1500.00,4,'15:00:00',1500.00,4,3000.00,2,'16:00:00',720,2,2,1,360,26),(617,3,1500.00,4,'16:00:00',1500.00,4,3000.00,2,'17:00:00',720,2,2,1,360,26),(618,3,1500.00,4,'17:00:00',1500.00,4,3000.00,2,'18:00:00',720,2,2,1,360,26),(619,3,1500.00,4,'18:00:00',1500.00,4,3000.00,2,'19:00:00',720,2,2,1,360,26),(620,3,1500.00,4,'19:00:00',1500.00,4,3000.00,2,'20:00:00',720,2,2,1,360,26),(621,3,1500.00,4,'20:00:00',1500.00,4,3000.00,2,'21:00:00',720,2,2,1,360,26),(622,3,1500.00,4,'21:00:00',1500.00,4,3000.00,2,'22:00:00',720,2,2,1,360,26),(623,3,1500.00,4,'22:00:00',1500.00,4,3000.00,2,'23:00:00',720,2,2,1,360,26),(624,3,1500.00,4,'23:00:00',1500.00,4,3000.00,2,'00:00:00',720,2,2,1,360,26),(625,3,1500.00,4,'00:00:00',1500.00,4,3000.00,2,'01:00:00',720,2,2,1,360,27),(626,3,1500.00,4,'01:00:00',1500.00,4,3000.00,2,'02:00:00',720,2,2,1,360,27),(627,3,1500.00,4,'02:00:00',1500.00,4,3000.00,2,'03:00:00',720,2,2,1,360,27),(628,3,1500.00,4,'03:00:00',1500.00,4,3000.00,2,'04:00:00',720,2,2,1,360,27),(629,3,1500.00,4,'04:00:00',1500.00,4,3000.00,2,'05:00:00',720,2,2,1,360,27),(630,3,1500.00,4,'05:00:00',1500.00,4,3000.00,2,'06:00:00',720,2,2,1,360,27),(631,3,1500.00,4,'06:00:00',1500.00,4,3000.00,2,'07:00:00',720,2,2,1,360,27),(632,3,1500.00,4,'07:00:00',1500.00,4,3000.00,2,'08:00:00',720,2,2,1,360,27),(633,3,1500.00,4,'08:00:00',1500.00,4,3000.00,2,'09:00:00',720,2,2,1,360,27),(634,3,1500.00,4,'09:00:00',1500.00,4,3000.00,2,'10:00:00',720,2,2,1,360,27),(635,3,1500.00,4,'10:00:00',1500.00,4,3000.00,2,'11:00:00',720,2,2,1,360,27),(636,3,1500.00,4,'11:00:00',1500.00,4,3000.00,2,'12:00:00',720,2,2,1,360,27),(637,3,1500.00,4,'12:00:00',1500.00,4,3000.00,2,'13:00:00',720,2,2,1,360,27),(638,3,1500.00,4,'13:00:00',1500.00,4,3000.00,2,'14:00:00',720,2,2,1,360,27),(639,3,1500.00,4,'14:00:00',1500.00,4,3000.00,2,'15:00:00',720,2,2,1,360,27),(640,3,1500.00,4,'15:00:00',1500.00,4,3000.00,2,'16:00:00',720,2,2,1,360,27),(641,3,1500.00,4,'16:00:00',1500.00,4,3000.00,2,'17:00:00',720,2,2,1,360,27),(642,3,1500.00,4,'17:00:00',1500.00,4,3000.00,2,'18:00:00',720,2,2,1,360,27),(643,3,1500.00,4,'18:00:00',1500.00,4,3000.00,2,'19:00:00',720,2,2,1,360,27),(644,3,1500.00,4,'19:00:00',1500.00,4,3000.00,2,'20:00:00',720,2,2,1,360,27),(645,3,1500.00,4,'20:00:00',1500.00,4,3000.00,2,'21:00:00',720,2,2,1,360,27),(646,3,1500.00,4,'21:00:00',1500.00,4,3000.00,2,'22:00:00',720,2,2,1,360,27),(647,3,1500.00,4,'22:00:00',1500.00,4,3000.00,2,'23:00:00',720,2,2,1,360,27),(648,3,1500.00,4,'23:00:00',1500.00,4,3000.00,2,'00:00:00',720,2,2,1,360,27);

INSERT INTO `inventory_price_range` VALUES (1,1,0,0,0.00,50,1),(2,1,0,50,0.00,80,1),(3,1,1,80,0.00,100,1),(4,1,0,0,0.00,50,2),(5,1,0,50,0.00,80,2),(6,1,1,80,0.00,100,2),(7,1,0,0,0.00,50,3),(8,1,0,50,0.00,80,3),(9,1,1,80,0.00,100,3),(10,1,0,0,0.00,50,4),(11,1,0,50,0.00,80,4),(12,1,1,80,0.00,100,4),(13,1,0,0,0.00,50,5),(14,1,0,50,0.00,80,5),(15,1,1,80,0.00,100,5),(16,1,0,0,0.00,50,6),(17,1,0,50,0.00,80,6),(18,1,1,80,0.00,100,6),(19,1,0,0,0.00,50,7),(20,1,0,50,0.00,80,7),(21,1,1,80,0.00,100,7),(22,1,0,0,0.00,50,8),(23,1,0,50,0.00,80,8),(24,1,1,80,0.00,100,8),(25,1,0,0,0.00,50,9),(26,1,0,50,0.00,80,9),(27,1,1,80,0.00,100,9),(28,1,0,0,100.00,50,10),(29,1,0,50,200.00,80,10),(30,1,1,80,900.00,100,10),(31,1,0,0,100.00,50,11),(32,1,0,50,200.00,80,11),(33,1,1,80,900.00,100,11),(34,1,0,0,100.00,50,12),(35,1,0,50,200.00,80,12),(36,1,1,80,900.00,100,12),(37,1,0,0,100.00,50,13),(38,1,0,50,200.00,80,13),(39,1,1,80,900.00,100,13),(40,1,0,0,100.00,50,14),(41,1,0,50,200.00,80,14),(42,1,1,80,900.00,100,14),(43,1,0,0,100.00,50,15),(44,1,0,50,200.00,80,15),(45,1,1,80,900.00,100,15),(46,1,0,0,100.00,50,16),(47,1,0,50,200.00,80,16),(48,1,1,80,900.00,100,16),(49,1,0,0,100.00,50,17),(50,1,0,50,200.00,80,17),(51,1,1,80,900.00,100,17),(52,1,0,0,3000.00,50,18),(53,1,0,50,3500.00,80,18),(54,1,1,80,6500.00,100,18),(55,1,0,0,3000.00,50,19),(56,1,0,50,3500.00,80,19),(57,1,1,80,6500.00,100,19),(58,1,0,0,3000.00,50,20),(59,1,0,50,3500.00,80,20),(60,1,1,80,6500.00,100,20),(61,1,0,0,3000.00,50,21),(62,1,0,50,3500.00,80,21),(63,1,1,80,6500.00,100,21),(64,1,0,0,3000.00,50,22),(65,1,0,50,3500.00,80,22),(66,1,1,80,6500.00,100,22),(67,1,0,0,0.00,50,23),(68,1,0,50,0.00,80,23),(69,1,1,80,0.00,100,23),(70,1,0,0,0.00,50,24),(71,1,0,50,0.00,80,24),(72,1,1,80,0.00,100,24),(73,1,0,0,0.00,50,25),(74,1,0,50,0.00,80,25),(75,1,1,80,0.00,100,25),(76,1,0,0,0.00,50,26),(77,1,0,50,0.00,80,26),(78,1,1,80,0.00,100,26),(79,1,0,0,0.00,50,27),(80,1,0,50,0.00,80,27),(81,1,1,80,0.00,100,27),(82,1,0,0,0.00,50,28),(83,1,0,50,0.00,80,28),(84,1,1,80,0.00,100,28),(85,1,0,0,0.00,50,29),(86,1,0,50,0.00,80,29),(87,1,1,80,0.00,100,29),(88,1,0,0,0.00,50,30),(89,1,0,50,0.00,80,30),(90,1,1,80,0.00,100,30),(91,1,0,0,0.00,50,31),(92,1,0,50,0.00,80,31),(93,1,1,80,0.00,100,31),(94,1,0,0,0.00,50,32),(95,1,0,50,0.00,80,32),(96,1,1,80,0.00,100,32),(97,1,0,0,0.00,50,33),(98,1,0,50,0.00,80,33),(99,1,1,80,0.00,100,33),(100,1,0,0,100.00,50,34),(101,1,0,50,200.00,80,34),(102,1,1,80,900.00,100,34),(103,1,0,0,100.00,50,35),(104,1,0,50,200.00,80,35),(105,1,1,80,900.00,100,35),(106,1,0,0,100.00,50,36),(107,1,0,50,200.00,80,36),(108,1,1,80,900.00,100,36),(109,1,0,0,100.00,50,37),(110,1,0,50,200.00,80,37),(111,1,1,80,900.00,100,37),(112,1,0,0,100.00,50,38),(113,1,0,50,200.00,80,38),(114,1,1,80,900.00,100,38),(115,1,0,0,100.00,50,39),(116,1,0,50,200.00,80,39),(117,1,1,80,900.00,100,39),(118,1,0,0,100.00,50,40),(119,1,0,50,200.00,80,40),(120,1,1,80,900.00,100,40),(121,1,0,0,100.00,50,41),(122,1,0,50,200.00,80,41),(123,1,1,80,900.00,100,41),(124,1,0,0,3000.00,50,42),(125,1,0,50,3500.00,80,42),(126,1,1,80,6500.00,100,42),(127,1,0,0,3000.00,50,43),(128,1,0,50,3500.00,80,43),(129,1,1,80,6500.00,100,43),(130,1,0,0,3000.00,50,44),(131,1,0,50,3500.00,80,44),(132,1,1,80,6500.00,100,44),(133,1,0,0,3000.00,50,45),(134,1,0,50,3500.00,80,45),(135,1,1,80,6500.00,100,45),(136,1,0,0,3000.00,50,46),(137,1,0,50,3500.00,80,46),(138,1,1,80,6500.00,100,46),(139,1,0,0,0.00,50,47),(140,1,0,50,0.00,80,47),(141,1,1,80,0.00,100,47),(142,1,0,0,0.00,50,48),(143,1,0,50,0.00,80,48),(144,1,1,80,0.00,100,48),(145,1,0,0,0.00,50,49),(146,1,0,50,0.00,80,49),(147,1,1,80,0.00,100,49),(148,1,0,0,0.00,50,50),(149,1,0,50,0.00,80,50),(150,1,1,80,0.00,100,50),(151,1,0,0,0.00,50,51),(152,1,0,50,0.00,80,51),(153,1,1,80,0.00,100,51),(154,1,0,0,0.00,50,52),(155,1,0,50,0.00,80,52),(156,1,1,80,0.00,100,52),(157,1,0,0,0.00,50,53),(158,1,0,50,0.00,80,53),(159,1,1,80,0.00,100,53),(160,1,0,0,0.00,50,54),(161,1,0,50,0.00,80,54),(162,1,1,80,0.00,100,54),(163,1,0,0,0.00,50,55),(164,1,0,50,0.00,80,55),(165,1,1,80,0.00,100,55),(166,1,0,0,0.00,50,56),(167,1,0,50,0.00,80,56),(168,1,1,80,0.00,100,56),(169,1,0,0,0.00,50,57),(170,1,0,50,0.00,80,57),(171,1,1,80,0.00,100,57),(172,1,0,0,100.00,50,58),(173,1,0,50,200.00,80,58),(174,1,1,80,900.00,100,58),(175,1,0,0,100.00,50,59),(176,1,0,50,200.00,80,59),(177,1,1,80,900.00,100,59),(178,1,0,0,100.00,50,60),(179,1,0,50,200.00,80,60),(180,1,1,80,900.00,100,60),(181,1,0,0,100.00,50,61),(182,1,0,50,200.00,80,61),(183,1,1,80,900.00,100,61),(184,1,0,0,100.00,50,62),(185,1,0,50,200.00,80,62),(186,1,1,80,900.00,100,62),(187,1,0,0,100.00,50,63),(188,1,0,50,200.00,80,63),(189,1,1,80,900.00,100,63),(190,1,0,0,100.00,50,64),(191,1,0,50,200.00,80,64),(192,1,1,80,900.00,100,64),(193,1,0,0,100.00,50,65),(194,1,0,50,200.00,80,65),(195,1,1,80,900.00,100,65),(196,1,0,0,3000.00,50,66),(197,1,0,50,3500.00,80,66),(198,1,1,80,6500.00,100,66),(199,1,0,0,3000.00,50,67),(200,1,0,50,3500.00,80,67),(201,1,1,80,6500.00,100,67),(202,1,0,0,3000.00,50,68),(203,1,0,50,3500.00,80,68),(204,1,1,80,6500.00,100,68),(205,1,0,0,3000.00,50,69),(206,1,0,50,3500.00,80,69),(207,1,1,80,6500.00,100,69),(208,1,0,0,3000.00,50,70),(209,1,0,50,3500.00,80,70),(210,1,1,80,6500.00,100,70),(211,1,0,0,0.00,50,71),(212,1,0,50,0.00,80,71),(213,1,1,80,0.00,100,71),(214,1,0,0,0.00,50,72),(215,1,0,50,0.00,80,72),(216,1,1,80,0.00,100,72),(217,1,0,0,0.00,50,73),(218,1,0,50,0.00,80,73),(219,1,1,80,0.00,100,73),(220,1,0,0,0.00,50,74),(221,1,0,50,0.00,80,74),(222,1,1,80,0.00,100,74),(223,1,0,0,0.00,50,75),(224,1,0,50,0.00,80,75),(225,1,1,80,0.00,100,75),(226,1,0,0,0.00,50,76),(227,1,0,50,0.00,80,76),(228,1,1,80,0.00,100,76),(229,1,0,0,0.00,50,77),(230,1,0,50,0.00,80,77),(231,1,1,80,0.00,100,77),(232,1,0,0,0.00,50,78),(233,1,0,50,0.00,80,78),(234,1,1,80,0.00,100,78),(235,1,0,0,0.00,50,79),(236,1,0,50,0.00,80,79),(237,1,1,80,0.00,100,79),(238,1,0,0,0.00,50,80),(239,1,0,50,0.00,80,80),(240,1,1,80,0.00,100,80),(241,1,0,0,0.00,50,81),(242,1,0,50,0.00,80,81),(243,1,1,80,0.00,100,81),(244,1,0,0,100.00,50,82),(245,1,0,50,200.00,80,82),(246,1,1,80,900.00,100,82),(247,1,0,0,100.00,50,83),(248,1,0,50,200.00,80,83),(249,1,1,80,900.00,100,83),(250,1,0,0,100.00,50,84),(251,1,0,50,200.00,80,84),(252,1,1,80,900.00,100,84),(253,1,0,0,100.00,50,85),(254,1,0,50,200.00,80,85),(255,1,1,80,900.00,100,85),(256,1,0,0,100.00,50,86),(257,1,0,50,200.00,80,86),(258,1,1,80,900.00,100,86),(259,1,0,0,100.00,50,87),(260,1,0,50,200.00,80,87),(261,1,1,80,900.00,100,87),(262,1,0,0,100.00,50,88),(263,1,0,50,200.00,80,88),(264,1,1,80,900.00,100,88),(265,1,0,0,100.00,50,89),(266,1,0,50,200.00,80,89),(267,1,1,80,900.00,100,89),(268,1,0,0,3000.00,50,90),(269,1,0,50,3500.00,80,90),(270,1,1,80,6500.00,100,90),(271,1,0,0,3000.00,50,91),(272,1,0,50,3500.00,80,91),(273,1,1,80,6500.00,100,91),(274,1,0,0,3000.00,50,92),(275,1,0,50,3500.00,80,92),(276,1,1,80,6500.00,100,92),(277,1,0,0,3000.00,50,93),(278,1,0,50,3500.00,80,93),(279,1,1,80,6500.00,100,93),(280,1,0,0,3000.00,50,94),(281,1,0,50,3500.00,80,94),(282,1,1,80,6500.00,100,94),(283,1,0,0,0.00,50,95),(284,1,0,50,0.00,80,95),(285,1,1,80,0.00,100,95),(286,1,0,0,0.00,50,96),(287,1,0,50,0.00,80,96),(288,1,1,80,0.00,100,96),(289,1,0,0,0.00,50,97),(290,1,0,50,0.00,80,97),(291,1,1,80,0.00,100,97),(292,1,0,0,0.00,50,98),(293,1,0,50,0.00,80,98),(294,1,1,80,0.00,100,98),(295,1,0,0,0.00,50,99),(296,1,0,50,0.00,80,99),(297,1,1,80,0.00,100,99),(298,1,0,0,0.00,50,100),(299,1,0,50,0.00,80,100),(300,1,1,80,0.00,100,100),(301,1,0,0,0.00,50,101),(302,1,0,50,0.00,80,101),(303,1,1,80,0.00,100,101),(304,1,0,0,0.00,50,102),(305,1,0,50,0.00,80,102),(306,1,1,80,0.00,100,102),(307,1,0,0,0.00,50,103),(308,1,0,50,0.00,80,103),(309,1,1,80,0.00,100,103),(310,1,0,0,0.00,50,104),(311,1,0,50,0.00,80,104),(312,1,1,80,0.00,100,104),(313,1,0,0,0.00,50,105),(314,1,0,50,0.00,80,105),(315,1,1,80,0.00,100,105),(316,1,0,0,100.00,50,106),(317,1,0,50,200.00,80,106),(318,1,1,80,900.00,100,106),(319,1,0,0,100.00,50,107),(320,1,0,50,200.00,80,107),(321,1,1,80,900.00,100,107),(322,1,0,0,100.00,50,108),(323,1,0,50,200.00,80,108),(324,1,1,80,900.00,100,108),(325,1,0,0,100.00,50,109),(326,1,0,50,200.00,80,109),(327,1,1,80,900.00,100,109),(328,1,0,0,100.00,50,110),(329,1,0,50,200.00,80,110),(330,1,1,80,900.00,100,110),(331,1,0,0,100.00,50,111),(332,1,0,50,200.00,80,111),(333,1,1,80,900.00,100,111),(334,1,0,0,100.00,50,112),(335,1,0,50,200.00,80,112),(336,1,1,80,900.00,100,112),(337,1,0,0,100.00,50,113),(338,1,0,50,200.00,80,113),(339,1,1,80,900.00,100,113),(340,1,0,0,3000.00,50,114),(341,1,0,50,3500.00,80,114),(342,1,1,80,6500.00,100,114),(343,1,0,0,3000.00,50,115),(344,1,0,50,3500.00,80,115),(345,1,1,80,6500.00,100,115),(346,1,0,0,3000.00,50,116),(347,1,0,50,3500.00,80,116),(348,1,1,80,6500.00,100,116),(349,1,0,0,3000.00,50,117),(350,1,0,50,3500.00,80,117),(351,1,1,80,6500.00,100,117),(352,1,0,0,3000.00,50,118),(353,1,0,50,3500.00,80,118),(354,1,1,80,6500.00,100,118),(355,1,0,0,0.00,50,119),(356,1,0,50,0.00,80,119),(357,1,1,80,0.00,100,119),(358,1,0,0,0.00,50,120),(359,1,0,50,0.00,80,120),(360,1,1,80,0.00,100,120),(361,1,0,0,0.00,50,121),(362,1,0,50,0.00,80,121),(363,1,1,80,0.00,100,121),(364,1,0,0,0.00,50,122),(365,1,0,50,0.00,80,122),(366,1,1,80,0.00,100,122),(367,1,0,0,0.00,50,123),(368,1,0,50,0.00,80,123),(369,1,1,80,0.00,100,123),(370,1,0,0,0.00,50,124),(371,1,0,50,0.00,80,124),(372,1,1,80,0.00,100,124),(373,1,0,0,0.00,50,125),(374,1,0,50,0.00,80,125),(375,1,1,80,0.00,100,125),(376,1,0,0,0.00,50,126),(377,1,0,50,0.00,80,126),(378,1,1,80,0.00,100,126),(379,1,0,0,0.00,50,127),(380,1,0,50,0.00,80,127),(381,1,1,80,0.00,100,127),(382,1,0,0,0.00,50,128),(383,1,0,50,0.00,80,128),(384,1,1,80,0.00,100,128),(385,1,0,0,0.00,50,129),(386,1,0,50,0.00,80,129),(387,1,1,80,0.00,100,129),(388,1,0,0,100.00,50,130),(389,1,0,50,200.00,80,130),(390,1,1,80,900.00,100,130),(391,1,0,0,100.00,50,131),(392,1,0,50,200.00,80,131),(393,1,1,80,900.00,100,131),(394,1,0,0,100.00,50,132),(395,1,0,50,200.00,80,132),(396,1,1,80,900.00,100,132),(397,1,0,0,100.00,50,133),(398,1,0,50,200.00,80,133),(399,1,1,80,900.00,100,133),(400,1,0,0,100.00,50,134),(401,1,0,50,200.00,80,134),(402,1,1,80,900.00,100,134),(403,1,0,0,100.00,50,135),(404,1,0,50,200.00,80,135),(405,1,1,80,900.00,100,135),(406,1,0,0,100.00,50,136),(407,1,0,50,200.00,80,136),(408,1,1,80,900.00,100,136),(409,1,0,0,100.00,50,137),(410,1,0,50,200.00,80,137),(411,1,1,80,900.00,100,137),(412,1,0,0,3000.00,50,138),(413,1,0,50,3500.00,80,138),(414,1,1,80,6500.00,100,138),(415,1,0,0,3000.00,50,139),(416,1,0,50,3500.00,80,139),(417,1,1,80,6500.00,100,139),(418,1,0,0,3000.00,50,140),(419,1,0,50,3500.00,80,140),(420,1,1,80,6500.00,100,140),(421,1,0,0,3000.00,50,141),(422,1,0,50,3500.00,80,141),(423,1,1,80,6500.00,100,141),(424,1,0,0,3000.00,50,142),(425,1,0,50,3500.00,80,142),(426,1,1,80,6500.00,100,142),(427,1,0,0,0.00,50,143),(428,1,0,50,0.00,80,143),(429,1,1,80,0.00,100,143),(430,1,0,0,0.00,50,144),(431,1,0,50,0.00,80,144),(432,1,1,80,0.00,100,144),(433,1,0,0,0.00,50,145),(434,1,0,50,0.00,80,145),(435,1,1,80,0.00,100,145),(436,1,0,0,0.00,50,146),(437,1,0,50,0.00,80,146),(438,1,1,80,0.00,100,146),(439,1,0,0,0.00,50,147),(440,1,0,50,0.00,80,147),(441,1,1,80,0.00,100,147),(442,1,0,0,0.00,50,148),(443,1,0,50,0.00,80,148),(444,1,1,80,0.00,100,148),(445,1,0,0,0.00,50,149),(446,1,0,50,0.00,80,149),(447,1,1,80,0.00,100,149),(448,1,0,0,0.00,50,150),(449,1,0,50,0.00,80,150),(450,1,1,80,0.00,100,150),(451,1,0,0,0.00,50,151),(452,1,0,50,0.00,80,151),(453,1,1,80,0.00,100,151),(454,1,0,0,0.00,50,152),(455,1,0,50,0.00,80,152),(456,1,1,80,0.00,100,152),(457,1,0,0,0.00,50,153),(458,1,0,50,0.00,80,153),(459,1,1,80,0.00,100,153),(460,1,0,0,100.00,50,154),(461,1,0,50,200.00,80,154),(462,1,1,80,900.00,100,154),(463,1,0,0,100.00,50,155),(464,1,0,50,200.00,80,155),(465,1,1,80,900.00,100,155),(466,1,0,0,100.00,50,156),(467,1,0,50,200.00,80,156),(468,1,1,80,900.00,100,156),(469,1,0,0,100.00,50,157),(470,1,0,50,200.00,80,157),(471,1,1,80,900.00,100,157),(472,1,0,0,100.00,50,158),(473,1,0,50,200.00,80,158),(474,1,1,80,900.00,100,158),(475,1,0,0,100.00,50,159),(476,1,0,50,200.00,80,159),(477,1,1,80,900.00,100,159),(478,1,0,0,100.00,50,160),(479,1,0,50,200.00,80,160),(480,1,1,80,900.00,100,160),(481,1,0,0,100.00,50,161),(482,1,0,50,200.00,80,161),(483,1,1,80,900.00,100,161),(484,1,0,0,3000.00,50,162),(485,1,0,50,3500.00,80,162),(486,1,1,80,6500.00,100,162),(487,1,0,0,3000.00,50,163),(488,1,0,50,3500.00,80,163),(489,1,1,80,6500.00,100,163),(490,1,0,0,3000.00,50,164),(491,1,0,50,3500.00,80,164),(492,1,1,80,6500.00,100,164),(493,1,0,0,3000.00,50,165),(494,1,0,50,3500.00,80,165),(495,1,1,80,6500.00,100,165),(496,1,0,0,3000.00,50,166),(497,1,0,50,3500.00,80,166),(498,1,1,80,6500.00,100,166),(499,1,0,0,0.00,50,167),(500,1,0,50,0.00,80,167),(501,1,1,80,0.00,100,167),(502,1,0,0,0.00,50,168),(503,1,0,50,0.00,80,168),(504,1,1,80,0.00,100,168),(505,1,0,0,0.00,50,169),(506,1,0,50,0.00,80,169),(507,1,1,80,0.00,100,169),(508,1,0,0,0.00,50,170),(509,1,0,50,0.00,80,170),(510,1,1,80,0.00,100,170),(511,1,0,0,0.00,50,171),(512,1,0,50,0.00,80,171),(513,1,1,80,0.00,100,171),(514,1,0,0,0.00,50,172),(515,1,0,50,0.00,80,172),(516,1,1,80,0.00,100,172),(517,1,0,0,0.00,50,173),(518,1,0,50,0.00,80,173),(519,1,1,80,0.00,100,173),(520,1,0,0,0.00,50,174),(521,1,0,50,0.00,80,174),(522,1,1,80,0.00,100,174),(523,1,0,0,0.00,50,175),(524,1,0,50,0.00,80,175),(525,1,1,80,0.00,100,175),(526,1,0,0,0.00,50,176),(527,1,0,50,0.00,80,176),(528,1,1,80,0.00,100,176),(529,1,0,0,0.00,50,177),(530,1,0,50,0.00,80,177),(531,1,1,80,0.00,100,177),(532,1,0,0,100.00,50,178),(533,1,0,50,200.00,80,178),(534,1,1,80,900.00,100,178),(535,1,0,0,100.00,50,179),(536,1,0,50,200.00,80,179),(537,1,1,80,900.00,100,179),(538,1,0,0,100.00,50,180),(539,1,0,50,200.00,80,180),(540,1,1,80,900.00,100,180),(541,1,0,0,100.00,50,181),(542,1,0,50,200.00,80,181),(543,1,1,80,900.00,100,181),(544,1,0,0,100.00,50,182),(545,1,0,50,200.00,80,182),(546,1,1,80,900.00,100,182),(547,1,0,0,100.00,50,183),(548,1,0,50,200.00,80,183),(549,1,1,80,900.00,100,183),(550,1,0,0,100.00,50,184),(551,1,0,50,200.00,80,184),(552,1,1,80,900.00,100,184),(553,1,0,0,100.00,50,185),(554,1,0,50,200.00,80,185),(555,1,1,80,900.00,100,185),(556,1,0,0,3000.00,50,186),(557,1,0,50,3500.00,80,186),(558,1,1,80,6500.00,100,186),(559,1,0,0,3000.00,50,187),(560,1,0,50,3500.00,80,187),(561,1,1,80,6500.00,100,187),(562,1,0,0,3000.00,50,188),(563,1,0,50,3500.00,80,188),(564,1,1,80,6500.00,100,188),(565,1,0,0,3000.00,50,189),(566,1,0,50,3500.00,80,189),(567,1,1,80,6500.00,100,189),(568,1,0,0,3000.00,50,190),(569,1,0,50,3500.00,80,190),(570,1,1,80,6500.00,100,190),(571,1,0,0,0.00,50,191),(572,1,0,50,0.00,80,191),(573,1,1,80,0.00,100,191),(574,1,0,0,0.00,50,192),(575,1,0,50,0.00,80,192),(576,1,1,80,0.00,100,192),(577,1,0,0,0.00,50,193),(578,1,0,50,0.00,80,193),(579,1,1,80,0.00,100,193),(580,1,0,0,0.00,50,194),(581,1,0,50,0.00,80,194),(582,1,1,80,0.00,100,194),(583,1,0,0,0.00,50,195),(584,1,0,50,0.00,80,195),(585,1,1,80,0.00,100,195),(586,1,0,0,0.00,50,196),(587,1,0,50,0.00,80,196),(588,1,1,80,0.00,100,196),(589,1,0,0,0.00,50,197),(590,1,0,50,0.00,80,197),(591,1,1,80,0.00,100,197),(592,1,0,0,0.00,50,198),(593,1,0,50,0.00,80,198),(594,1,1,80,0.00,100,198),(595,1,0,0,0.00,50,199),(596,1,0,50,0.00,80,199),(597,1,1,80,0.00,100,199),(598,1,0,0,0.00,50,200),(599,1,0,50,0.00,80,200),(600,1,1,80,0.00,100,200),(601,1,0,0,0.00,50,201),(602,1,0,50,0.00,80,201),(603,1,1,80,0.00,100,201),(604,1,0,0,100.00,50,202),(605,1,0,50,200.00,80,202),(606,1,1,80,900.00,100,202),(607,1,0,0,100.00,50,203),(608,1,0,50,200.00,80,203),(609,1,1,80,900.00,100,203),(610,1,0,0,100.00,50,204),(611,1,0,50,200.00,80,204),(612,1,1,80,900.00,100,204),(613,1,0,0,100.00,50,205),(614,1,0,50,200.00,80,205),(615,1,1,80,900.00,100,205),(616,1,0,0,100.00,50,206),(617,1,0,50,200.00,80,206),(618,1,1,80,900.00,100,206),(619,1,0,0,100.00,50,207),(620,1,0,50,200.00,80,207),(621,1,1,80,900.00,100,207),(622,1,0,0,100.00,50,208),(623,1,0,50,200.00,80,208),(624,1,1,80,900.00,100,208),(625,1,0,0,100.00,50,209),(626,1,0,50,200.00,80,209),(627,1,1,80,900.00,100,209),(628,1,0,0,3000.00,50,210),(629,1,0,50,3500.00,80,210),(630,1,1,80,6500.00,100,210),(631,1,0,0,3000.00,50,211),(632,1,0,50,3500.00,80,211),(633,1,1,80,6500.00,100,211),(634,1,0,0,3000.00,50,212),(635,1,0,50,3500.00,80,212),(636,1,1,80,6500.00,100,212),(637,1,0,0,3000.00,50,213),(638,1,0,50,3500.00,80,213),(639,1,1,80,6500.00,100,213),(640,1,0,0,3000.00,50,214),(641,1,0,50,3500.00,80,214),(642,1,1,80,6500.00,100,214),(643,1,0,0,0.00,50,215),(644,1,0,50,0.00,80,215),(645,1,1,80,0.00,100,215),(646,1,0,0,0.00,50,216),(647,1,0,50,0.00,80,216),(648,1,1,80,0.00,100,216),(649,1,0,0,0.00,50,217),(650,1,0,50,0.00,80,217),(651,1,1,80,0.00,100,217),(652,1,0,0,0.00,50,218),(653,1,0,50,0.00,80,218),(654,1,1,80,0.00,100,218),(655,1,0,0,0.00,50,219),(656,1,0,50,0.00,80,219),(657,1,1,80,0.00,100,219),(658,1,0,0,0.00,50,220),(659,1,0,50,0.00,80,220),(660,1,1,80,0.00,100,220),(661,1,0,0,0.00,50,221),(662,1,0,50,0.00,80,221),(663,1,1,80,0.00,100,221),(664,1,0,0,0.00,50,222),(665,1,0,50,0.00,80,222),(666,1,1,80,0.00,100,222),(667,1,0,0,0.00,50,223),(668,1,0,50,0.00,80,223),(669,1,1,80,0.00,100,223),(670,1,0,0,0.00,50,224),(671,1,0,50,0.00,80,224),(672,1,1,80,0.00,100,224),(673,1,0,0,0.00,50,225),(674,1,0,50,0.00,80,225),(675,1,1,80,0.00,100,225),(676,1,0,0,100.00,50,226),(677,1,0,50,200.00,80,226),(678,1,1,80,900.00,100,226),(679,1,0,0,100.00,50,227),(680,1,0,50,200.00,80,227),(681,1,1,80,900.00,100,227),(682,1,0,0,100.00,50,228),(683,1,0,50,200.00,80,228),(684,1,1,80,900.00,100,228),(685,1,0,0,100.00,50,229),(686,1,0,50,200.00,80,229),(687,1,1,80,900.00,100,229),(688,1,0,0,100.00,50,230),(689,1,0,50,200.00,80,230),(690,1,1,80,900.00,100,230),(691,1,0,0,100.00,50,231),(692,1,0,50,200.00,80,231),(693,1,1,80,900.00,100,231),(694,1,0,0,100.00,50,232),(695,1,0,50,200.00,80,232),(696,1,1,80,900.00,100,232),(697,1,0,0,100.00,50,233),(698,1,0,50,200.00,80,233),(699,1,1,80,900.00,100,233),(700,1,0,0,3000.00,50,234),(701,1,0,50,3500.00,80,234),(702,1,1,80,6500.00,100,234),(703,1,0,0,3000.00,50,235),(704,1,0,50,3500.00,80,235),(705,1,1,80,6500.00,100,235),(706,1,0,0,3000.00,50,236),(707,1,0,50,3500.00,80,236),(708,1,1,80,6500.00,100,236),(709,1,0,0,3000.00,50,237),(710,1,0,50,3500.00,80,237),(711,1,1,80,6500.00,100,237),(712,1,0,0,3000.00,50,238),(713,1,0,50,3500.00,80,238),(714,1,1,80,6500.00,100,238),(715,1,0,0,0.00,50,239),(716,1,0,50,0.00,80,239),(717,1,1,80,0.00,100,239),(718,1,0,0,0.00,50,240),(719,1,0,50,0.00,80,240),(720,1,1,80,0.00,100,240),(721,1,0,0,0.00,50,241),(722,1,0,50,0.00,80,241),(723,1,1,80,0.00,100,241),(724,1,0,0,0.00,50,242),(725,1,0,50,0.00,80,242),(726,1,1,80,0.00,100,242),(727,1,0,0,0.00,50,243),(728,1,0,50,0.00,80,243),(729,1,1,80,0.00,100,243),(730,1,0,0,0.00,50,244),(731,1,0,50,0.00,80,244),(732,1,1,80,0.00,100,244),(733,1,0,0,0.00,50,245),(734,1,0,50,0.00,80,245),(735,1,1,80,0.00,100,245),(736,1,0,0,0.00,50,246),(737,1,0,50,0.00,80,246),(738,1,1,80,0.00,100,246),(739,1,0,0,0.00,50,247),(740,1,0,50,0.00,80,247),(741,1,1,80,0.00,100,247),(742,1,0,0,0.00,50,248),(743,1,0,50,0.00,80,248),(744,1,1,80,0.00,100,248),(745,1,0,0,0.00,50,249),(746,1,0,50,0.00,80,249),(747,1,1,80,0.00,100,249),(748,1,0,0,100.00,50,250),(749,1,0,50,200.00,80,250),(750,1,1,80,900.00,100,250),(751,1,0,0,100.00,50,251),(752,1,0,50,200.00,80,251),(753,1,1,80,900.00,100,251),(754,1,0,0,100.00,50,252),(755,1,0,50,200.00,80,252),(756,1,1,80,900.00,100,252),(757,1,0,0,100.00,50,253),(758,1,0,50,200.00,80,253),(759,1,1,80,900.00,100,253),(760,1,0,0,100.00,50,254),(761,1,0,50,200.00,80,254),(762,1,1,80,900.00,100,254),(763,1,0,0,100.00,50,255),(764,1,0,50,200.00,80,255),(765,1,1,80,900.00,100,255),(766,1,0,0,100.00,50,256),(767,1,0,50,200.00,80,256),(768,1,1,80,900.00,100,256),(769,1,0,0,100.00,50,257),(770,1,0,50,200.00,80,257),(771,1,1,80,900.00,100,257),(772,1,0,0,3000.00,50,258),(773,1,0,50,3500.00,80,258),(774,1,1,80,6500.00,100,258),(775,1,0,0,3000.00,50,259),(776,1,0,50,3500.00,80,259),(777,1,1,80,6500.00,100,259),(778,1,0,0,3000.00,50,260),(779,1,0,50,3500.00,80,260),(780,1,1,80,6500.00,100,260),(781,1,0,0,3000.00,50,261),(782,1,0,50,3500.00,80,261),(783,1,1,80,6500.00,100,261),(784,1,0,0,3000.00,50,262),(785,1,0,50,3500.00,80,262),(786,1,1,80,6500.00,100,262),(787,1,0,0,0.00,50,263),(788,1,0,50,0.00,80,263),(789,1,1,80,0.00,100,263),(790,1,0,0,0.00,50,264),(791,1,0,50,0.00,80,264),(792,1,1,80,0.00,100,264),(793,1,0,0,0.00,50,265),(794,1,0,50,0.00,80,265),(795,1,1,80,0.00,100,265),(796,1,0,0,0.00,50,266),(797,1,0,50,0.00,80,266),(798,1,1,80,0.00,100,266),(799,1,0,0,0.00,50,267),(800,1,0,50,0.00,80,267),(801,1,1,80,0.00,100,267),(802,1,0,0,0.00,50,268),(803,1,0,50,0.00,80,268),(804,1,1,80,0.00,100,268),(805,1,0,0,0.00,50,269),(806,1,0,50,0.00,80,269),(807,1,1,80,0.00,100,269),(808,1,0,0,0.00,50,270),(809,1,0,50,0.00,80,270),(810,1,1,80,0.00,100,270),(811,1,0,0,0.00,50,271),(812,1,0,50,0.00,80,271),(813,1,1,80,0.00,100,271),(814,1,0,0,0.00,50,272),(815,1,0,50,0.00,80,272),(816,1,1,80,0.00,100,272),(817,1,0,0,0.00,50,273),(818,1,0,50,0.00,80,273),(819,1,1,80,0.00,100,273),(820,1,0,0,100.00,50,274),(821,1,0,50,200.00,80,274),(822,1,1,80,900.00,100,274),(823,1,0,0,100.00,50,275),(824,1,0,50,200.00,80,275),(825,1,1,80,900.00,100,275),(826,1,0,0,100.00,50,276),(827,1,0,50,200.00,80,276),(828,1,1,80,900.00,100,276),(829,1,0,0,100.00,50,277),(830,1,0,50,200.00,80,277),(831,1,1,80,900.00,100,277),(832,1,0,0,100.00,50,278),(833,1,0,50,200.00,80,278),(834,1,1,80,900.00,100,278),(835,1,0,0,100.00,50,279),(836,1,0,50,200.00,80,279),(837,1,1,80,900.00,100,279),(838,1,0,0,100.00,50,280),(839,1,0,50,200.00,80,280),(840,1,1,80,900.00,100,280),(841,1,0,0,100.00,50,281),(842,1,0,50,200.00,80,281),(843,1,1,80,900.00,100,281),(844,1,0,0,3000.00,50,282),(845,1,0,50,3500.00,80,282),(846,1,1,80,6500.00,100,282),(847,1,0,0,3000.00,50,283),(848,1,0,50,3500.00,80,283),(849,1,1,80,6500.00,100,283),(850,1,0,0,3000.00,50,284),(851,1,0,50,3500.00,80,284),(852,1,1,80,6500.00,100,284),(853,1,0,0,3000.00,50,285),(854,1,0,50,3500.00,80,285),(855,1,1,80,6500.00,100,285),(856,1,0,0,3000.00,50,286),(857,1,0,50,3500.00,80,286),(858,1,1,80,6500.00,100,286),(859,1,0,0,0.00,50,287),(860,1,0,50,0.00,80,287),(861,1,1,80,0.00,100,287),(862,1,0,0,0.00,50,288),(863,1,0,50,0.00,80,288),(864,1,1,80,0.00,100,288),(865,1,0,0,0.00,50,289),(866,1,0,50,0.00,80,289),(867,1,1,80,0.00,100,289),(868,1,0,0,0.00,50,290),(869,1,0,50,0.00,80,290),(870,1,1,80,0.00,100,290),(871,1,0,0,0.00,50,291),(872,1,0,50,0.00,80,291),(873,1,1,80,0.00,100,291),(874,1,0,0,0.00,50,292),(875,1,0,50,0.00,80,292),(876,1,1,80,0.00,100,292),(877,1,0,0,0.00,50,293),(878,1,0,50,0.00,80,293),(879,1,1,80,0.00,100,293),(880,1,0,0,0.00,50,294),(881,1,0,50,0.00,80,294),(882,1,1,80,0.00,100,294),(883,1,0,0,0.00,50,295),(884,1,0,50,0.00,80,295),(885,1,1,80,0.00,100,295),(886,1,0,0,0.00,50,296),(887,1,0,50,0.00,80,296),(888,1,1,80,0.00,100,296),(889,1,0,0,0.00,50,297),(890,1,0,50,0.00,80,297),(891,1,1,80,0.00,100,297),(892,1,0,0,100.00,50,298),(893,1,0,50,200.00,80,298),(894,1,1,80,900.00,100,298),(895,1,0,0,100.00,50,299),(896,1,0,50,200.00,80,299),(897,1,1,80,900.00,100,299),(898,1,0,0,100.00,50,300),(899,1,0,50,200.00,80,300),(900,1,1,80,900.00,100,300),(901,1,0,0,100.00,50,301),(902,1,0,50,200.00,80,301),(903,1,1,80,900.00,100,301),(904,1,0,0,100.00,50,302),(905,1,0,50,200.00,80,302),(906,1,1,80,900.00,100,302),(907,1,0,0,100.00,50,303),(908,1,0,50,200.00,80,303),(909,1,1,80,900.00,100,303),(910,1,0,0,100.00,50,304),(911,1,0,50,200.00,80,304),(912,1,1,80,900.00,100,304),(913,1,0,0,100.00,50,305),(914,1,0,50,200.00,80,305),(915,1,1,80,900.00,100,305),(916,1,0,0,3000.00,50,306),(917,1,0,50,3500.00,80,306),(918,1,1,80,6500.00,100,306),(919,1,0,0,3000.00,50,307),(920,1,0,50,3500.00,80,307),(921,1,1,80,6500.00,100,307),(922,1,0,0,3000.00,50,308),(923,1,0,50,3500.00,80,308),(924,1,1,80,6500.00,100,308),(925,1,0,0,3000.00,50,309),(926,1,0,50,3500.00,80,309),(927,1,1,80,6500.00,100,309),(928,1,0,0,3000.00,50,310),(929,1,0,50,3500.00,80,310),(930,1,1,80,6500.00,100,310),(931,1,0,0,0.00,50,311),(932,1,0,50,0.00,80,311),(933,1,1,80,0.00,100,311),(934,1,0,0,0.00,50,312),(935,1,0,50,0.00,80,312),(936,1,1,80,0.00,100,312),(937,1,0,0,0.00,50,313),(938,1,0,50,0.00,80,313),(939,1,1,80,0.00,100,313),(940,1,0,0,0.00,50,314),(941,1,0,50,0.00,80,314),(942,1,1,80,0.00,100,314),(943,1,0,0,0.00,50,315),(944,1,0,50,0.00,80,315),(945,1,1,80,0.00,100,315),(946,1,0,0,0.00,50,316),(947,1,0,50,0.00,80,316),(948,1,1,80,0.00,100,316),(949,1,0,0,0.00,50,317),(950,1,0,50,0.00,80,317),(951,1,1,80,0.00,100,317),(952,1,0,0,0.00,50,318),(953,1,0,50,0.00,80,318),(954,1,1,80,0.00,100,318),(955,1,0,0,0.00,50,319),(956,1,0,50,0.00,80,319),(957,1,1,80,0.00,100,319),(958,1,0,0,0.00,50,320),(959,1,0,50,0.00,80,320),(960,1,1,80,0.00,100,320),(961,1,0,0,0.00,50,321),(962,1,0,50,0.00,80,321),(963,1,1,80,0.00,100,321),(964,1,0,0,100.00,50,322),(965,1,0,50,200.00,80,322),(966,1,1,80,900.00,100,322),(967,1,0,0,100.00,50,323),(968,1,0,50,200.00,80,323),(969,1,1,80,900.00,100,323),(970,1,0,0,100.00,50,324),(971,1,0,50,200.00,80,324),(972,1,1,80,900.00,100,324),(973,1,0,0,100.00,50,325),(974,1,0,50,200.00,80,325),(975,1,1,80,900.00,100,325),(976,1,0,0,100.00,50,326),(977,1,0,50,200.00,80,326),(978,1,1,80,900.00,100,326),(979,1,0,0,100.00,50,327),(980,1,0,50,200.00,80,327),(981,1,1,80,900.00,100,327),(982,1,0,0,100.00,50,328),(983,1,0,50,200.00,80,328),(984,1,1,80,900.00,100,328),(985,1,0,0,100.00,50,329),(986,1,0,50,200.00,80,329),(987,1,1,80,900.00,100,329),(988,1,0,0,3000.00,50,330),(989,1,0,50,3500.00,80,330),(990,1,1,80,6500.00,100,330),(991,1,0,0,3000.00,50,331),(992,1,0,50,3500.00,80,331),(993,1,1,80,6500.00,100,331),(994,1,0,0,3000.00,50,332),(995,1,0,50,3500.00,80,332),(996,1,1,80,6500.00,100,332),(997,1,0,0,3000.00,50,333),(998,1,0,50,3500.00,80,333),(999,1,1,80,6500.00,100,333),(1000,1,0,0,3000.00,50,334),(1001,1,0,50,3500.00,80,334),(1002,1,1,80,6500.00,100,334),(1003,1,0,0,0.00,50,335),(1004,1,0,50,0.00,80,335),(1005,1,1,80,0.00,100,335),(1006,1,0,0,0.00,50,336),(1007,1,0,50,0.00,80,336),(1008,1,1,80,0.00,100,336),(1009,1,0,0,0.00,50,337),(1010,1,0,50,0.00,80,337),(1011,1,1,80,0.00,100,337),(1012,1,0,0,0.00,50,338),(1013,1,0,50,0.00,80,338),(1014,1,1,80,0.00,100,338),(1015,1,0,0,0.00,50,339),(1016,1,0,50,0.00,80,339),(1017,1,1,80,0.00,100,339),(1018,1,0,0,0.00,50,340),(1019,1,0,50,0.00,80,340),(1020,1,1,80,0.00,100,340),(1021,1,0,0,0.00,50,341),(1022,1,0,50,0.00,80,341),(1023,1,1,80,0.00,100,341),(1024,1,0,0,0.00,50,342),(1025,1,0,50,0.00,80,342),(1026,1,1,80,0.00,100,342),(1027,1,0,0,0.00,50,343),(1028,1,0,50,0.00,80,343),(1029,1,1,80,0.00,100,343),(1030,1,0,0,0.00,50,344),(1031,1,0,50,0.00,80,344),(1032,1,1,80,0.00,100,344),(1033,1,0,0,0.00,50,345),(1034,1,0,50,0.00,80,345),(1035,1,1,80,0.00,100,345),(1036,1,0,0,100.00,50,346),(1037,1,0,50,200.00,80,346),(1038,1,1,80,900.00,100,346),(1039,1,0,0,100.00,50,347),(1040,1,0,50,200.00,80,347),(1041,1,1,80,900.00,100,347),(1042,1,0,0,100.00,50,348),(1043,1,0,50,200.00,80,348),(1044,1,1,80,900.00,100,348),(1045,1,0,0,100.00,50,349),(1046,1,0,50,200.00,80,349),(1047,1,1,80,900.00,100,349),(1048,1,0,0,100.00,50,350),(1049,1,0,50,200.00,80,350),(1050,1,1,80,900.00,100,350),(1051,1,0,0,100.00,50,351),(1052,1,0,50,200.00,80,351),(1053,1,1,80,900.00,100,351),(1054,1,0,0,100.00,50,352),(1055,1,0,50,200.00,80,352),(1056,1,1,80,900.00,100,352),(1057,1,0,0,100.00,50,353),(1058,1,0,50,200.00,80,353),(1059,1,1,80,900.00,100,353),(1060,1,0,0,3000.00,50,354),(1061,1,0,50,3500.00,80,354),(1062,1,1,80,6500.00,100,354),(1063,1,0,0,3000.00,50,355),(1064,1,0,50,3500.00,80,355),(1065,1,1,80,6500.00,100,355),(1066,1,0,0,3000.00,50,356),(1067,1,0,50,3500.00,80,356),(1068,1,1,80,6500.00,100,356),(1069,1,0,0,3000.00,50,357),(1070,1,0,50,3500.00,80,357),(1071,1,1,80,6500.00,100,357),(1072,1,0,0,3000.00,50,358),(1073,1,0,50,3500.00,80,358),(1074,1,1,80,6500.00,100,358),(1075,1,0,0,0.00,50,359),(1076,1,0,50,0.00,80,359),(1077,1,1,80,0.00,100,359),(1078,1,0,0,0.00,50,360),(1079,1,0,50,0.00,80,360),(1080,1,1,80,0.00,100,360),(1081,1,0,0,0.00,50,361),(1082,1,0,50,0.00,80,361),(1083,1,1,80,0.00,100,361),(1084,1,0,0,0.00,50,362),(1085,1,0,50,0.00,80,362),(1086,1,1,80,0.00,100,362),(1087,1,0,0,0.00,50,363),(1088,1,0,50,0.00,80,363),(1089,1,1,80,0.00,100,363),(1090,1,0,0,0.00,50,364),(1091,1,0,50,0.00,80,364),(1092,1,1,80,0.00,100,364),(1093,1,0,0,0.00,50,365),(1094,1,0,50,0.00,80,365),(1095,1,1,80,0.00,100,365),(1096,1,0,0,0.00,50,366),(1097,1,0,50,0.00,80,366),(1098,1,1,80,0.00,100,366),(1099,1,0,0,0.00,50,367),(1100,1,0,50,0.00,80,367),(1101,1,1,80,0.00,100,367),(1102,1,0,0,0.00,50,368),(1103,1,0,50,0.00,80,368),(1104,1,1,80,0.00,100,368),(1105,1,0,0,0.00,50,369),(1106,1,0,50,0.00,80,369),(1107,1,1,80,0.00,100,369),(1108,1,0,0,100.00,50,370),(1109,1,0,50,200.00,80,370),(1110,1,1,80,900.00,100,370),(1111,1,0,0,100.00,50,371),(1112,1,0,50,200.00,80,371),(1113,1,1,80,900.00,100,371),(1114,1,0,0,100.00,50,372),(1115,1,0,50,200.00,80,372),(1116,1,1,80,900.00,100,372),(1117,1,0,0,100.00,50,373),(1118,1,0,50,200.00,80,373),(1119,1,1,80,900.00,100,373),(1120,1,0,0,100.00,50,374),(1121,1,0,50,200.00,80,374),(1122,1,1,80,900.00,100,374),(1123,1,0,0,100.00,50,375),(1124,1,0,50,200.00,80,375),(1125,1,1,80,900.00,100,375),(1126,1,0,0,100.00,50,376),(1127,1,0,50,200.00,80,376),(1128,1,1,80,900.00,100,376),(1129,1,0,0,100.00,50,377),(1130,1,0,50,200.00,80,377),(1131,1,1,80,900.00,100,377),(1132,1,0,0,3000.00,50,378),(1133,1,0,50,3500.00,80,378),(1134,1,1,80,6500.00,100,378),(1135,1,0,0,3000.00,50,379),(1136,1,0,50,3500.00,80,379),(1137,1,1,80,6500.00,100,379),(1138,1,0,0,3000.00,50,380),(1139,1,0,50,3500.00,80,380),(1140,1,1,80,6500.00,100,380),(1141,1,0,0,3000.00,50,381),(1142,1,0,50,3500.00,80,381),(1143,1,1,80,6500.00,100,381),(1144,1,0,0,3000.00,50,382),(1145,1,0,50,3500.00,80,382),(1146,1,1,80,6500.00,100,382),(1147,1,0,0,0.00,50,383),(1148,1,0,50,0.00,80,383),(1149,1,1,80,0.00,100,383),(1150,1,0,0,0.00,50,384),(1151,1,0,50,0.00,80,384),(1152,1,1,80,0.00,100,384),(1153,1,0,0,0.00,50,385),(1154,1,0,50,0.00,80,385),(1155,1,1,80,0.00,100,385),(1156,1,0,0,0.00,50,386),(1157,1,0,50,0.00,80,386),(1158,1,1,80,0.00,100,386),(1159,1,0,0,0.00,50,387),(1160,1,0,50,0.00,80,387),(1161,1,1,80,0.00,100,387),(1162,1,0,0,0.00,50,388),(1163,1,0,50,0.00,80,388),(1164,1,1,80,0.00,100,388),(1165,1,0,0,0.00,50,389),(1166,1,0,50,0.00,80,389),(1167,1,1,80,0.00,100,389),(1168,1,0,0,0.00,50,390),(1169,1,0,50,0.00,80,390),(1170,1,1,80,0.00,100,390),(1171,1,0,0,0.00,50,391),(1172,1,0,50,0.00,80,391),(1173,1,1,80,0.00,100,391),(1174,1,0,0,0.00,50,392),(1175,1,0,50,0.00,80,392),(1176,1,1,80,0.00,100,392),(1177,1,0,0,0.00,50,393),(1178,1,0,50,0.00,80,393),(1179,1,1,80,0.00,100,393),(1180,1,0,0,100.00,50,394),(1181,1,0,50,200.00,80,394),(1182,1,1,80,900.00,100,394),(1183,1,0,0,100.00,50,395),(1184,1,0,50,200.00,80,395),(1185,1,1,80,900.00,100,395),(1186,1,0,0,100.00,50,396),(1187,1,0,50,200.00,80,396),(1188,1,1,80,900.00,100,396),(1189,1,0,0,100.00,50,397),(1190,1,0,50,200.00,80,397),(1191,1,1,80,900.00,100,397),(1192,1,0,0,100.00,50,398),(1193,1,0,50,200.00,80,398),(1194,1,1,80,900.00,100,398),(1195,1,0,0,100.00,50,399),(1196,1,0,50,200.00,80,399),(1197,1,1,80,900.00,100,399),(1198,1,0,0,100.00,50,400),(1199,1,0,50,200.00,80,400),(1200,1,1,80,900.00,100,400),(1201,1,0,0,100.00,50,401),(1202,1,0,50,200.00,80,401),(1203,1,1,80,900.00,100,401),(1204,1,0,0,3000.00,50,402),(1205,1,0,50,3500.00,80,402),(1206,1,1,80,6500.00,100,402),(1207,1,0,0,3000.00,50,403),(1208,1,0,50,3500.00,80,403),(1209,1,1,80,6500.00,100,403),(1210,1,0,0,3000.00,50,404),(1211,1,0,50,3500.00,80,404),(1212,1,1,80,6500.00,100,404),(1213,1,0,0,3000.00,50,405),(1214,1,0,50,3500.00,80,405),(1215,1,1,80,6500.00,100,405),(1216,1,0,0,3000.00,50,406),(1217,1,0,50,3500.00,80,406),(1218,1,1,80,6500.00,100,406),(1219,1,0,0,0.00,50,407),(1220,1,0,50,0.00,80,407),(1221,1,1,80,0.00,100,407),(1222,1,0,0,0.00,50,408),(1223,1,0,50,0.00,80,408),(1224,1,1,80,0.00,100,408),(1225,1,0,0,0.00,50,409),(1226,1,0,50,0.00,80,409),(1227,1,1,80,0.00,100,409),(1228,1,0,0,0.00,50,410),(1229,1,0,50,0.00,80,410),(1230,1,1,80,0.00,100,410),(1231,1,0,0,0.00,50,411),(1232,1,0,50,0.00,80,411),(1233,1,1,80,0.00,100,411),(1234,1,0,0,0.00,50,412),(1235,1,0,50,0.00,80,412),(1236,1,1,80,0.00,100,412),(1237,1,0,0,0.00,50,413),(1238,1,0,50,0.00,80,413),(1239,1,1,80,0.00,100,413),(1240,1,0,0,0.00,50,414),(1241,1,0,50,0.00,80,414),(1242,1,1,80,0.00,100,414),(1243,1,0,0,0.00,50,415),(1244,1,0,50,0.00,80,415),(1245,1,1,80,0.00,100,415),(1246,1,0,0,0.00,50,416),(1247,1,0,50,0.00,80,416),(1248,1,1,80,0.00,100,416),(1249,1,0,0,0.00,50,417),(1250,1,0,50,0.00,80,417),(1251,1,1,80,0.00,100,417),(1252,1,0,0,100.00,50,418),(1253,1,0,50,200.00,80,418),(1254,1,1,80,900.00,100,418),(1255,1,0,0,100.00,50,419),(1256,1,0,50,200.00,80,419),(1257,1,1,80,900.00,100,419),(1258,1,0,0,100.00,50,420),(1259,1,0,50,200.00,80,420),(1260,1,1,80,900.00,100,420),(1261,1,0,0,100.00,50,421),(1262,1,0,50,200.00,80,421),(1263,1,1,80,900.00,100,421),(1264,1,0,0,100.00,50,422),(1265,1,0,50,200.00,80,422),(1266,1,1,80,900.00,100,422),(1267,1,0,0,100.00,50,423),(1268,1,0,50,200.00,80,423),(1269,1,1,80,900.00,100,423),(1270,1,0,0,100.00,50,424),(1271,1,0,50,200.00,80,424),(1272,1,1,80,900.00,100,424),(1273,1,0,0,100.00,50,425),(1274,1,0,50,200.00,80,425),(1275,1,1,80,900.00,100,425),(1276,1,0,0,3000.00,50,426),(1277,1,0,50,3500.00,80,426),(1278,1,1,80,6500.00,100,426),(1279,1,0,0,3000.00,50,427),(1280,1,0,50,3500.00,80,427),(1281,1,1,80,6500.00,100,427),(1282,1,0,0,3000.00,50,428),(1283,1,0,50,3500.00,80,428),(1284,1,1,80,6500.00,100,428),(1285,1,0,0,3000.00,50,429),(1286,1,0,50,3500.00,80,429),(1287,1,1,80,6500.00,100,429),(1288,1,0,0,3000.00,50,430),(1289,1,0,50,3500.00,80,430),(1290,1,1,80,6500.00,100,430),(1291,1,0,0,0.00,50,431),(1292,1,0,50,0.00,80,431),(1293,1,1,80,0.00,100,431),(1294,1,0,0,0.00,50,432),(1295,1,0,50,0.00,80,432),(1296,1,1,80,0.00,100,432),(1297,1,0,0,0.00,50,433),(1298,1,0,50,0.00,80,433),(1299,1,1,80,0.00,100,433),(1300,1,0,0,0.00,50,434),(1301,1,0,50,0.00,80,434),(1302,1,1,80,0.00,100,434),(1303,1,0,0,0.00,50,435),(1304,1,0,50,0.00,80,435),(1305,1,1,80,0.00,100,435),(1306,1,0,0,0.00,50,436),(1307,1,0,50,0.00,80,436),(1308,1,1,80,0.00,100,436),(1309,1,0,0,0.00,50,437),(1310,1,0,50,0.00,80,437),(1311,1,1,80,0.00,100,437),(1312,1,0,0,0.00,50,438),(1313,1,0,50,0.00,80,438),(1314,1,1,80,0.00,100,438),(1315,1,0,0,0.00,50,439),(1316,1,0,50,0.00,80,439),(1317,1,1,80,0.00,100,439),(1318,1,0,0,0.00,50,440),(1319,1,0,50,0.00,80,440),(1320,1,1,80,0.00,100,440),(1321,1,0,0,0.00,50,441),(1322,1,0,50,0.00,80,441),(1323,1,1,80,0.00,100,441),(1324,1,0,0,100.00,50,442),(1325,1,0,50,200.00,80,442),(1326,1,1,80,900.00,100,442),(1327,1,0,0,100.00,50,443),(1328,1,0,50,200.00,80,443),(1329,1,1,80,900.00,100,443),(1330,1,0,0,100.00,50,444),(1331,1,0,50,200.00,80,444),(1332,1,1,80,900.00,100,444),(1333,1,0,0,100.00,50,445),(1334,1,0,50,200.00,80,445),(1335,1,1,80,900.00,100,445),(1336,1,0,0,100.00,50,446),(1337,1,0,50,200.00,80,446),(1338,1,1,80,900.00,100,446),(1339,1,0,0,100.00,50,447),(1340,1,0,50,200.00,80,447),(1341,1,1,80,900.00,100,447),(1342,1,0,0,100.00,50,448),(1343,1,0,50,200.00,80,448),(1344,1,1,80,900.00,100,448),(1345,1,0,0,100.00,50,449),(1346,1,0,50,200.00,80,449),(1347,1,1,80,900.00,100,449),(1348,1,0,0,3000.00,50,450),(1349,1,0,50,3500.00,80,450),(1350,1,1,80,6500.00,100,450),(1351,1,0,0,3000.00,50,451),(1352,1,0,50,3500.00,80,451),(1353,1,1,80,6500.00,100,451),(1354,1,0,0,3000.00,50,452),(1355,1,0,50,3500.00,80,452),(1356,1,1,80,6500.00,100,452),(1357,1,0,0,3000.00,50,453),(1358,1,0,50,3500.00,80,453),(1359,1,1,80,6500.00,100,453),(1360,1,0,0,3000.00,50,454),(1361,1,0,50,3500.00,80,454),(1362,1,1,80,6500.00,100,454),(1363,1,0,0,0.00,50,455),(1364,1,0,50,0.00,80,455),(1365,1,1,80,0.00,100,455),(1366,1,0,0,0.00,50,456),(1367,1,0,50,0.00,80,456),(1368,1,1,80,0.00,100,456),(1369,1,0,0,0.00,50,457),(1370,1,0,50,0.00,80,457),(1371,1,1,80,0.00,100,457),(1372,1,0,0,0.00,50,458),(1373,1,0,50,0.00,80,458),(1374,1,1,80,0.00,100,458),(1375,1,0,0,0.00,50,459),(1376,1,0,50,0.00,80,459),(1377,1,1,80,0.00,100,459),(1378,1,0,0,0.00,50,460),(1379,1,0,50,0.00,80,460),(1380,1,1,80,0.00,100,460),(1381,1,0,0,0.00,50,461),(1382,1,0,50,0.00,80,461),(1383,1,1,80,0.00,100,461),(1384,1,0,0,0.00,50,462),(1385,1,0,50,0.00,80,462),(1386,1,1,80,0.00,100,462),(1387,1,0,0,0.00,50,463),(1388,1,0,50,0.00,80,463),(1389,1,1,80,0.00,100,463),(1390,1,0,0,0.00,50,464),(1391,1,0,50,0.00,80,464),(1392,1,1,80,0.00,100,464),(1393,1,0,0,0.00,50,465),(1394,1,0,50,0.00,80,465),(1395,1,1,80,0.00,100,465),(1396,1,0,0,100.00,50,466),(1397,1,0,50,200.00,80,466),(1398,1,1,80,900.00,100,466),(1399,1,0,0,100.00,50,467),(1400,1,0,50,200.00,80,467),(1401,1,1,80,900.00,100,467),(1402,1,0,0,100.00,50,468),(1403,1,0,50,200.00,80,468),(1404,1,1,80,900.00,100,468),(1405,1,0,0,100.00,50,469),(1406,1,0,50,200.00,80,469),(1407,1,1,80,900.00,100,469),(1408,1,0,0,100.00,50,470),(1409,1,0,50,200.00,80,470),(1410,1,1,80,900.00,100,470),(1411,1,0,0,100.00,50,471),(1412,1,0,50,200.00,80,471),(1413,1,1,80,900.00,100,471),(1414,1,0,0,100.00,50,472),(1415,1,0,50,200.00,80,472),(1416,1,1,80,900.00,100,472),(1417,1,0,0,100.00,50,473),(1418,1,0,50,200.00,80,473),(1419,1,1,80,900.00,100,473),(1420,1,0,0,3000.00,50,474),(1421,1,0,50,3500.00,80,474),(1422,1,1,80,6500.00,100,474),(1423,1,0,0,3000.00,50,475),(1424,1,0,50,3500.00,80,475),(1425,1,1,80,6500.00,100,475),(1426,1,0,0,3000.00,50,476),(1427,1,0,50,3500.00,80,476),(1428,1,1,80,6500.00,100,476),(1429,1,0,0,3000.00,50,477),(1430,1,0,50,3500.00,80,477),(1431,1,1,80,6500.00,100,477),(1432,1,0,0,3000.00,50,478),(1433,1,0,50,3500.00,80,478),(1434,1,1,80,6500.00,100,478),(1435,1,0,0,0.00,50,479),(1436,1,0,50,0.00,80,479),(1437,1,1,80,0.00,100,479),(1438,1,0,0,0.00,50,480),(1439,1,0,50,0.00,80,480),(1440,1,1,80,0.00,100,480),(1441,1,0,0,0.00,50,481),(1442,1,0,50,0.00,80,481),(1443,1,1,80,0.00,100,481),(1444,1,0,0,0.00,50,482),(1445,1,0,50,0.00,80,482),(1446,1,1,80,0.00,100,482),(1447,1,0,0,0.00,50,483),(1448,1,0,50,0.00,80,483),(1449,1,1,80,0.00,100,483),(1450,1,0,0,0.00,50,484),(1451,1,0,50,0.00,80,484),(1452,1,1,80,0.00,100,484),(1453,1,0,0,0.00,50,485),(1454,1,0,50,0.00,80,485),(1455,1,1,80,0.00,100,485),(1456,1,0,0,0.00,50,486),(1457,1,0,50,0.00,80,486),(1458,1,1,80,0.00,100,486),(1459,1,0,0,0.00,50,487),(1460,1,0,50,0.00,80,487),(1461,1,1,80,0.00,100,487),(1462,1,0,0,0.00,50,488),(1463,1,0,50,0.00,80,488),(1464,1,1,80,0.00,100,488),(1465,1,0,0,0.00,50,489),(1466,1,0,50,0.00,80,489),(1467,1,1,80,0.00,100,489),(1468,1,0,0,100.00,50,490),(1469,1,0,50,200.00,80,490),(1470,1,1,80,900.00,100,490),(1471,1,0,0,100.00,50,491),(1472,1,0,50,200.00,80,491),(1473,1,1,80,900.00,100,491),(1474,1,0,0,100.00,50,492),(1475,1,0,50,200.00,80,492),(1476,1,1,80,900.00,100,492),(1477,1,0,0,100.00,50,493),(1478,1,0,50,200.00,80,493),(1479,1,1,80,900.00,100,493),(1480,1,0,0,100.00,50,494),(1481,1,0,50,200.00,80,494),(1482,1,1,80,900.00,100,494),(1483,1,0,0,100.00,50,495),(1484,1,0,50,200.00,80,495),(1485,1,1,80,900.00,100,495),(1486,1,0,0,100.00,50,496),(1487,1,0,50,200.00,80,496),(1488,1,1,80,900.00,100,496),(1489,1,0,0,100.00,50,497),(1490,1,0,50,200.00,80,497),(1491,1,1,80,900.00,100,497),(1492,1,0,0,3000.00,50,498),(1493,1,0,50,3500.00,80,498),(1494,1,1,80,6500.00,100,498),(1495,1,0,0,3000.00,50,499),(1496,1,0,50,3500.00,80,499),(1497,1,1,80,6500.00,100,499),(1498,1,0,0,3000.00,50,500),(1499,1,0,50,3500.00,80,500),(1500,1,1,80,6500.00,100,500),(1501,1,0,0,3000.00,50,501),(1502,1,0,50,3500.00,80,501),(1503,1,1,80,6500.00,100,501),(1504,1,0,0,3000.00,50,502),(1505,1,0,50,3500.00,80,502),(1506,1,1,80,6500.00,100,502),(1507,1,0,0,0.00,50,503),(1508,1,0,50,0.00,80,503),(1509,1,1,80,0.00,100,503),(1510,1,0,0,0.00,50,504),(1511,1,0,50,0.00,80,504),(1512,1,1,80,0.00,100,504),(1513,1,0,0,0.00,50,505),(1514,1,0,50,0.00,80,505),(1515,1,1,80,0.00,100,505),(1516,1,0,0,0.00,50,506),(1517,1,0,50,0.00,80,506),(1518,1,1,80,0.00,100,506),(1519,1,0,0,0.00,50,507),(1520,1,0,50,0.00,80,507),(1521,1,1,80,0.00,100,507),(1522,1,0,0,0.00,50,508),(1523,1,0,50,0.00,80,508),(1524,1,1,80,0.00,100,508),(1525,1,0,0,0.00,50,509),(1526,1,0,50,0.00,80,509),(1527,1,1,80,0.00,100,509),(1528,1,0,0,0.00,50,510),(1529,1,0,50,0.00,80,510),(1530,1,1,80,0.00,100,510),(1531,1,0,0,0.00,50,511),(1532,1,0,50,0.00,80,511),(1533,1,1,80,0.00,100,511),(1534,1,0,0,0.00,50,512),(1535,1,0,50,0.00,80,512),(1536,1,1,80,0.00,100,512),(1537,1,0,0,0.00,50,513),(1538,1,0,50,0.00,80,513),(1539,1,1,80,0.00,100,513),(1540,1,0,0,100.00,50,514),(1541,1,0,50,200.00,80,514),(1542,1,1,80,900.00,100,514),(1543,1,0,0,100.00,50,515),(1544,1,0,50,200.00,80,515),(1545,1,1,80,900.00,100,515),(1546,1,0,0,100.00,50,516),(1547,1,0,50,200.00,80,516),(1548,1,1,80,900.00,100,516),(1549,1,0,0,100.00,50,517),(1550,1,0,50,200.00,80,517),(1551,1,1,80,900.00,100,517),(1552,1,0,0,100.00,50,518),(1553,1,0,50,200.00,80,518),(1554,1,1,80,900.00,100,518),(1555,1,0,0,100.00,50,519),(1556,1,0,50,200.00,80,519),(1557,1,1,80,900.00,100,519),(1558,1,0,0,100.00,50,520),(1559,1,0,50,200.00,80,520),(1560,1,1,80,900.00,100,520),(1561,1,0,0,100.00,50,521),(1562,1,0,50,200.00,80,521),(1563,1,1,80,900.00,100,521),(1564,1,0,0,3000.00,50,522),(1565,1,0,50,3500.00,80,522),(1566,1,1,80,6500.00,100,522),(1567,1,0,0,3000.00,50,523),(1568,1,0,50,3500.00,80,523),(1569,1,1,80,6500.00,100,523),(1570,1,0,0,3000.00,50,524),(1571,1,0,50,3500.00,80,524),(1572,1,1,80,6500.00,100,524),(1573,1,0,0,3000.00,50,525),(1574,1,0,50,3500.00,80,525),(1575,1,1,80,6500.00,100,525),(1576,1,0,0,3000.00,50,526),(1577,1,0,50,3500.00,80,526),(1578,1,1,80,6500.00,100,526),(1579,1,0,0,0.00,50,527),(1580,1,0,50,0.00,80,527),(1581,1,1,80,0.00,100,527),(1582,1,0,0,0.00,50,528),(1583,1,0,50,0.00,80,528),(1584,1,1,80,0.00,100,528),(1585,1,0,0,0.00,50,529),(1586,1,0,50,0.00,80,529),(1587,1,1,80,0.00,100,529),(1588,1,0,0,0.00,50,530),(1589,1,0,50,0.00,80,530),(1590,1,1,80,0.00,100,530),(1591,1,0,0,0.00,50,531),(1592,1,0,50,0.00,80,531),(1593,1,1,80,0.00,100,531),(1594,1,0,0,0.00,50,532),(1595,1,0,50,0.00,80,532),(1596,1,1,80,0.00,100,532),(1597,1,0,0,0.00,50,533),(1598,1,0,50,0.00,80,533),(1599,1,1,80,0.00,100,533),(1600,1,0,0,0.00,50,534),(1601,1,0,50,0.00,80,534),(1602,1,1,80,0.00,100,534),(1603,1,0,0,0.00,50,535),(1604,1,0,50,0.00,80,535),(1605,1,1,80,0.00,100,535),(1606,1,0,0,0.00,50,536),(1607,1,0,50,0.00,80,536),(1608,1,1,80,0.00,100,536),(1609,1,0,0,0.00,50,537),(1610,1,0,50,0.00,80,537),(1611,1,1,80,0.00,100,537),(1612,1,0,0,100.00,50,538),(1613,1,0,50,200.00,80,538),(1614,1,1,80,900.00,100,538),(1615,1,0,0,100.00,50,539),(1616,1,0,50,200.00,80,539),(1617,1,1,80,900.00,100,539),(1618,1,0,0,100.00,50,540),(1619,1,0,50,200.00,80,540),(1620,1,1,80,900.00,100,540),(1621,1,0,0,100.00,50,541),(1622,1,0,50,200.00,80,541),(1623,1,1,80,900.00,100,541),(1624,1,0,0,100.00,50,542),(1625,1,0,50,200.00,80,542),(1626,1,1,80,900.00,100,542),(1627,1,0,0,100.00,50,543),(1628,1,0,50,200.00,80,543),(1629,1,1,80,900.00,100,543),(1630,1,0,0,100.00,50,544),(1631,1,0,50,200.00,80,544),(1632,1,1,80,900.00,100,544),(1633,1,0,0,100.00,50,545),(1634,1,0,50,200.00,80,545),(1635,1,1,80,900.00,100,545),(1636,1,0,0,3000.00,50,546),(1637,1,0,50,3500.00,80,546),(1638,1,1,80,6500.00,100,546),(1639,1,0,0,3000.00,50,547),(1640,1,0,50,3500.00,80,547),(1641,1,1,80,6500.00,100,547),(1642,1,0,0,3000.00,50,548),(1643,1,0,50,3500.00,80,548),(1644,1,1,80,6500.00,100,548),(1645,1,0,0,3000.00,50,549),(1646,1,0,50,3500.00,80,549),(1647,1,1,80,6500.00,100,549),(1648,1,0,0,3000.00,50,550),(1649,1,0,50,3500.00,80,550),(1650,1,1,80,6500.00,100,550),(1651,1,0,0,0.00,50,551),(1652,1,0,50,0.00,80,551),(1653,1,1,80,0.00,100,551),(1654,1,0,0,0.00,50,552),(1655,1,0,50,0.00,80,552),(1656,1,1,80,0.00,100,552),(1657,1,0,0,0.00,50,553),(1658,1,0,50,0.00,80,553),(1659,1,1,80,0.00,100,553),(1660,1,0,0,0.00,50,554),(1661,1,0,50,0.00,80,554),(1662,1,1,80,0.00,100,554),(1663,1,0,0,0.00,50,555),(1664,1,0,50,0.00,80,555),(1665,1,1,80,0.00,100,555),(1666,1,0,0,0.00,50,556),(1667,1,0,50,0.00,80,556),(1668,1,1,80,0.00,100,556),(1669,1,0,0,0.00,50,557),(1670,1,0,50,0.00,80,557),(1671,1,1,80,0.00,100,557),(1672,1,0,0,0.00,50,558),(1673,1,0,50,0.00,80,558),(1674,1,1,80,0.00,100,558),(1675,1,0,0,0.00,50,559),(1676,1,0,50,0.00,80,559),(1677,1,1,80,0.00,100,559),(1678,1,0,0,0.00,50,560),(1679,1,0,50,0.00,80,560),(1680,1,1,80,0.00,100,560),(1681,1,0,0,0.00,50,561),(1682,1,0,50,0.00,80,561),(1683,1,1,80,0.00,100,561),(1684,1,0,0,100.00,50,562),(1685,1,0,50,200.00,80,562),(1686,1,1,80,900.00,100,562),(1687,1,0,0,100.00,50,563),(1688,1,0,50,200.00,80,563),(1689,1,1,80,900.00,100,563),(1690,1,0,0,100.00,50,564),(1691,1,0,50,200.00,80,564),(1692,1,1,80,900.00,100,564),(1693,1,0,0,100.00,50,565),(1694,1,0,50,200.00,80,565),(1695,1,1,80,900.00,100,565),(1696,1,0,0,100.00,50,566),(1697,1,0,50,200.00,80,566),(1698,1,1,80,900.00,100,566),(1699,1,0,0,100.00,50,567),(1700,1,0,50,200.00,80,567),(1701,1,1,80,900.00,100,567),(1702,1,0,0,100.00,50,568),(1703,1,0,50,200.00,80,568),(1704,1,1,80,900.00,100,568),(1705,1,0,0,100.00,50,569),(1706,1,0,50,200.00,80,569),(1707,1,1,80,900.00,100,569),(1708,1,0,0,3000.00,50,570),(1709,1,0,50,3500.00,80,570),(1710,1,1,80,6500.00,100,570),(1711,1,0,0,3000.00,50,571),(1712,1,0,50,3500.00,80,571),(1713,1,1,80,6500.00,100,571),(1714,1,0,0,3000.00,50,572),(1715,1,0,50,3500.00,80,572),(1716,1,1,80,6500.00,100,572),(1717,1,0,0,3000.00,50,573),(1718,1,0,50,3500.00,80,573),(1719,1,1,80,6500.00,100,573),(1720,1,0,0,3000.00,50,574),(1721,1,0,50,3500.00,80,574),(1722,1,1,80,6500.00,100,574),(1723,1,0,0,0.00,50,575),(1724,1,0,50,0.00,80,575),(1725,1,1,80,0.00,100,575),(1726,1,0,0,0.00,50,576),(1727,1,0,50,0.00,80,576),(1728,1,1,80,0.00,100,576),(1729,1,0,0,0.00,50,577),(1730,1,0,50,0.00,80,577),(1731,1,1,80,0.00,100,577),(1732,1,0,0,0.00,50,578),(1733,1,0,50,0.00,80,578),(1734,1,1,80,0.00,100,578),(1735,1,0,0,0.00,50,579),(1736,1,0,50,0.00,80,579),(1737,1,1,80,0.00,100,579),(1738,1,0,0,0.00,50,580),(1739,1,0,50,0.00,80,580),(1740,1,1,80,0.00,100,580),(1741,1,0,0,0.00,50,581),(1742,1,0,50,0.00,80,581),(1743,1,1,80,0.00,100,581),(1744,1,0,0,0.00,50,582),(1745,1,0,50,0.00,80,582),(1746,1,1,80,0.00,100,582),(1747,1,0,0,0.00,50,583),(1748,1,0,50,0.00,80,583),(1749,1,1,80,0.00,100,583),(1750,1,0,0,0.00,50,584),(1751,1,0,50,0.00,80,584),(1752,1,1,80,0.00,100,584),(1753,1,0,0,0.00,50,585),(1754,1,0,50,0.00,80,585),(1755,1,1,80,0.00,100,585),(1756,1,0,0,100.00,50,586),(1757,1,0,50,200.00,80,586),(1758,1,1,80,900.00,100,586),(1759,1,0,0,100.00,50,587),(1760,1,0,50,200.00,80,587),(1761,1,1,80,900.00,100,587),(1762,1,0,0,100.00,50,588),(1763,1,0,50,200.00,80,588),(1764,1,1,80,900.00,100,588),(1765,1,0,0,100.00,50,589),(1766,1,0,50,200.00,80,589),(1767,1,1,80,900.00,100,589),(1768,1,0,0,100.00,50,590),(1769,1,0,50,200.00,80,590),(1770,1,1,80,900.00,100,590),(1771,1,0,0,100.00,50,591),(1772,1,0,50,200.00,80,591),(1773,1,1,80,900.00,100,591),(1774,1,0,0,100.00,50,592),(1775,1,0,50,200.00,80,592),(1776,1,1,80,900.00,100,592),(1777,1,0,0,100.00,50,593),(1778,1,0,50,200.00,80,593),(1779,1,1,80,900.00,100,593),(1780,1,0,0,3000.00,50,594),(1781,1,0,50,3500.00,80,594),(1782,1,1,80,6500.00,100,594),(1783,1,0,0,3000.00,50,595),(1784,1,0,50,3500.00,80,595),(1785,1,1,80,6500.00,100,595),(1786,1,0,0,3000.00,50,596),(1787,1,0,50,3500.00,80,596),(1788,1,1,80,6500.00,100,596),(1789,1,0,0,3000.00,50,597),(1790,1,0,50,3500.00,80,597),(1791,1,1,80,6500.00,100,597),(1792,1,0,0,3000.00,50,598),(1793,1,0,50,3500.00,80,598),(1794,1,1,80,6500.00,100,598),(1795,1,0,0,0.00,50,599),(1796,1,0,50,0.00,80,599),(1797,1,1,80,0.00,100,599),(1798,1,0,0,0.00,50,600),(1799,1,0,50,0.00,80,600),(1800,1,1,80,0.00,100,600),(1801,1,0,0,0.00,50,601),(1802,1,0,50,0.00,80,601),(1803,1,1,80,0.00,100,601),(1804,1,0,0,0.00,50,602),(1805,1,0,50,0.00,80,602),(1806,1,1,80,0.00,100,602),(1807,1,0,0,0.00,50,603),(1808,1,0,50,0.00,80,603),(1809,1,1,80,0.00,100,603),(1810,1,0,0,0.00,50,604),(1811,1,0,50,0.00,80,604),(1812,1,1,80,0.00,100,604),(1813,1,0,0,0.00,50,605),(1814,1,0,50,0.00,80,605),(1815,1,1,80,0.00,100,605),(1816,1,0,0,0.00,50,606),(1817,1,0,50,0.00,80,606),(1818,1,1,80,0.00,100,606),(1819,1,0,0,0.00,50,607),(1820,1,0,50,0.00,80,607),(1821,1,1,80,0.00,100,607),(1822,1,0,0,0.00,50,608),(1823,1,0,50,0.00,80,608),(1824,1,1,80,0.00,100,608),(1825,1,0,0,0.00,50,609),(1826,1,0,50,0.00,80,609),(1827,1,1,80,0.00,100,609),(1828,1,0,0,100.00,50,610),(1829,1,0,50,200.00,80,610),(1830,1,1,80,900.00,100,610),(1831,1,0,0,100.00,50,611),(1832,1,0,50,200.00,80,611),(1833,1,1,80,900.00,100,611),(1834,1,0,0,100.00,50,612),(1835,1,0,50,200.00,80,612),(1836,1,1,80,900.00,100,612),(1837,1,0,0,100.00,50,613),(1838,1,0,50,200.00,80,613),(1839,1,1,80,900.00,100,613),(1840,1,0,0,100.00,50,614),(1841,1,0,50,200.00,80,614),(1842,1,1,80,900.00,100,614),(1843,1,0,0,100.00,50,615),(1844,1,0,50,200.00,80,615),(1845,1,1,80,900.00,100,615),(1846,1,0,0,100.00,50,616),(1847,1,0,50,200.00,80,616),(1848,1,1,80,900.00,100,616),(1849,1,0,0,100.00,50,617),(1850,1,0,50,200.00,80,617),(1851,1,1,80,900.00,100,617),(1852,1,0,0,3000.00,50,618),(1853,1,0,50,3500.00,80,618),(1854,1,1,80,6500.00,100,618),(1855,1,0,0,3000.00,50,619),(1856,1,0,50,3500.00,80,619),(1857,1,1,80,6500.00,100,619),(1858,1,0,0,3000.00,50,620),(1859,1,0,50,3500.00,80,620),(1860,1,1,80,6500.00,100,620),(1861,1,0,0,3000.00,50,621),(1862,1,0,50,3500.00,80,621),(1863,1,1,80,6500.00,100,621),(1864,1,0,0,3000.00,50,622),(1865,1,0,50,3500.00,80,622),(1866,1,1,80,6500.00,100,622),(1867,1,0,0,0.00,50,623),(1868,1,0,50,0.00,80,623),(1869,1,1,80,0.00,100,623),(1870,1,0,0,0.00,50,624),(1871,1,0,50,0.00,80,624),(1872,1,1,80,0.00,100,624),(1873,1,0,0,0.00,50,625),(1874,1,0,50,0.00,80,625),(1875,1,1,80,0.00,100,625),(1876,1,0,0,0.00,50,626),(1877,1,0,50,0.00,80,626),(1878,1,1,80,0.00,100,626),(1879,1,0,0,0.00,50,627),(1880,1,0,50,0.00,80,627),(1881,1,1,80,0.00,100,627),(1882,1,0,0,0.00,50,628),(1883,1,0,50,0.00,80,628),(1884,1,1,80,0.00,100,628),(1885,1,0,0,0.00,50,629),(1886,1,0,50,0.00,80,629),(1887,1,1,80,0.00,100,629),(1888,1,0,0,0.00,50,630),(1889,1,0,50,0.00,80,630),(1890,1,1,80,0.00,100,630),(1891,1,0,0,0.00,50,631),(1892,1,0,50,0.00,80,631),(1893,1,1,80,0.00,100,631),(1894,1,0,0,0.00,50,632),(1895,1,0,50,0.00,80,632),(1896,1,1,80,0.00,100,632),(1897,1,0,0,0.00,50,633),(1898,1,0,50,0.00,80,633),(1899,1,1,80,0.00,100,633),(1900,1,0,0,100.00,50,634),(1901,1,0,50,200.00,80,634),(1902,1,1,80,900.00,100,634),(1903,1,0,0,100.00,50,635),(1904,1,0,50,200.00,80,635),(1905,1,1,80,900.00,100,635),(1906,1,0,0,100.00,50,636),(1907,1,0,50,200.00,80,636),(1908,1,1,80,900.00,100,636),(1909,1,0,0,100.00,50,637),(1910,1,0,50,200.00,80,637),(1911,1,1,80,900.00,100,637),(1912,1,0,0,100.00,50,638),(1913,1,0,50,200.00,80,638),(1914,1,1,80,900.00,100,638),(1915,1,0,0,100.00,50,639),(1916,1,0,50,200.00,80,639),(1917,1,1,80,900.00,100,639),(1918,1,0,0,100.00,50,640),(1919,1,0,50,200.00,80,640),(1920,1,1,80,900.00,100,640),(1921,1,0,0,100.00,50,641),(1922,1,0,50,200.00,80,641),(1923,1,1,80,900.00,100,641),(1924,1,0,0,3000.00,50,642),(1925,1,0,50,3500.00,80,642),(1926,1,1,80,6500.00,100,642),(1927,1,0,0,3000.00,50,643),(1928,1,0,50,3500.00,80,643),(1929,1,1,80,6500.00,100,643),(1930,1,0,0,3000.00,50,644),(1931,1,0,50,3500.00,80,644),(1932,1,1,80,6500.00,100,644),(1933,1,0,0,3000.00,50,645),(1934,1,0,50,3500.00,80,645),(1935,1,1,80,6500.00,100,645),(1936,1,0,0,3000.00,50,646),(1937,1,0,50,3500.00,80,646),(1938,1,1,80,6500.00,100,646),(1939,1,0,0,0.00,50,647),(1940,1,0,50,0.00,80,647),(1941,1,1,80,0.00,100,647),(1942,1,0,0,0.00,50,648),(1943,1,0,50,0.00,80,648),(1944,1,1,80,0.00,100,648);

INSERT INTO `authorities` (`authority`, `username`) VALUES ('ROLE_viewInventoryPrediction', 'SU');
INSERT INTO `authorities` (`authority`, `username`) VALUES ('ROLE_viewInventory', 'SU');
INSERT INTO `authorities` (`authority`, `username`) VALUES ('ROLE_csvFileUploader', 'SU');
INSERT INTO `authorities` (`authority`, `username`) VALUES ('ROLE_assignInventory', 'SU');

INSERT INTO `pages` (`page_name`) VALUES ('viewInventoryPrediction');
INSERT INTO `pages` (`page_name`) VALUES ('viewInventory');
INSERT INTO `pages` (`page_name`) VALUES ('csvFileUploader');
INSERT INTO `pages` (`page_name`) VALUES ('assignInventory');
